sample_id	sample_type	sample_origin	freshness	time_to_freezing	rawdata_id	capture_id	accession
ABM39	Faecal	Animal	< 10 minutes	< 1 day	EHI02189	SD0105101	ERS23737847
AGO08	Faecal	Other	< 30 minutes	< 1 day	EHI02576	SD0449101	ERS22557259
AGD10	Faecal	Ground	< 30 minutes	< 14 days	EHI01323	SD0313001	ERS23744620
AEL49	Faecal	Trap	< 3 hours	< 1 day	EHI01498	SD0169502	ERS22456041
AEX41	Faecal	NA	NA	NA	EHI00687	SD0232101	ERS23745224
AAP52	Faecal	Trap	NA	< 1 day	EHI01438	SD0342201	ERS22557284
AGO47	Faecal	Other	< 3 hours	< 1 day	EHI02618	SD0450501	ERS22455924
AAQ02	Anal/cloacal swab	Animal	< 1 minute	< 1 day	EHI01622	SD0341401	ERS22557295
AEM33	Faecal	Trap	< 3 hours	< 1 day	EHI01998	SD0177902	ERS22456042
ABI44	Faecal	Animal	< 1 minute	< 14 days	EHI00124	SD0064901	ERS22551300
AIQ87	Faecal	Housing	NA	< 3 days	EHI01981	SD0421202	ERS23744570
AEX78	Faecal	NA	NA	NA	EHI00758	SD0234101	ERS23745356
ACH19	Faecal	Trap	< 3 hours	< 1 day	EHI01462	SD0029804	ERS22456011
ABC51	Faecal	Trap	< 3 hours	< 1 day	EHI02032	SD0039601	ERS22455901
AJP64	Faecal	Housing	NA	< 1 day	EHI02592	SD0383701	ERS22453901
AIR24	Colon contents	Animal	< 3 hours	NA	EHI02749	SD0453101	ERS23744575
AAP06	Faecal	Trap	< 1 hour	< 1 day	EHI01437	SD0345401	ERS22456003
AAB61	Faecal	Trap	< 3 hours	< 1 day	EHI02019	SD0044801	ERS22456044
AHD01	Faecal	Animal	< 1 minute	< 14 days	EHI02182	SD0435601	ERS23745221
ABR23	Faecal	NA	NA	NA	EHI02214	SD0239201	ERS23745341
AGD04	Faecal	Ground	< 30 minutes	< 14 days	EHI01331	SD0313601	ERS23744687
AGC06	Faecal	Ground	< 30 minutes	< 14 days	EHI01306	SD0315001	ERS23744675
AAZ81	Faecal	Trap	< 3 hours	< 1 day	EHI02263	SD0044301	ERS22455894
ABJ91	Faecal	Animal	< 1 minute	< 21 days	EHI00092	SD0061101	ERS22551285
AAZ57	Faecal	Trap	< 3 hours	< 1 day	EHI02013	SD0031301	ERS22455861
ABF99	Faecal	NA	NA	NA	EHI00665	SD0239801	ERS23744644
AAQ20	Faecal	Trap	< 1 hour	< 1 day	EHI01617	SD0344001	ERS22455860
ABJ49	Faecal	Animal	< 1 minute	< 21 days	EHI00177	SD0059001	ERS22551335
ABQ48	Faecal	NA	NA	NA	EHI02191	SD0237601	ERS23744670
AFM69	Faecal	NA	NA	NA	EHI00738	SD0227001	ERS23745353
ABH62	Faecal	Animal	< 1 minute	< 1 day	EHI00228	SD0100901	ERS23737854
AFM58	Faecal	NA	NA	NA	EHI00716	SD0226401	ERS23744637
AGO85	Anal/cloacal swab	Animal	< 1 minute	< 1 day	EHI01615	SD0346401	ERS22455955
AGP24	Faecal	Other	< 3 hours	< 1 day	EHI02588	SD0451701	ERS22557275
AIQ77	Faecal	Housing	NA	< 3 days	EHI01994	SD0420202	ERS23744600
AIQ79	Faecal	Housing	NA	< 3 days	EHI01984	SD0420402	ERS23744578
ABL03	Faecal	Animal	< 1 minute	< 21 days	EHI00115	SD0054601	ERS22551284
AEY22	Faecal	NA	NA	NA	EHI00702	SD0237501	ERS23745181
AHG65	Faecal	Animal	< 1 minute	< 14 days	EHI02289	SD0437501	ERS23745233
AGO88	Faecal	Other	< 3 hours	< 1 day	EHI02641	SD0451901	ERS22455953
AEL08	Faecal	Trap	< 3 hours	< 1 day	EHI00382	SD0039802	ERS22456216
AFU68	Faecal	Animal	< 1 minute	< 1 day	EHI00765	SD0264101	ERS22905056
AGO22	Faecal	Other	< 30 minutes	< 1 day	EHI02578	SD0448401	ERS22455945
AFM81	Faecal	NA	NA	NA	EHI00741	SD0227501	ERS23744677
AEM23	Faecal	Trap	< 3 hours	< 1 day	EHI02038	SD0178302	ERS22455960
AKD82	Skin swab: dorsal	Animal	< 1 minute	< 1 day	EHI02696	SD0383401	ERS22546112
ABA61	Faecal	Trap	< 3 hours	< 1 day	EHI00289	SD0029001	ERS22557281
ADM19	Faecal	Animal	< 1 minute	< 1 day	EHI00493	SD0079101	ERS21953337
AGO49	Faecal	Other	< 1 hour	< 1 day	EHI02621	SD0449301	ERS22455939
AGP23	Faecal	Other	< 30 minutes	< 1 day	EHI02600	SD0448201	ERS22557401
AGC42	Faecal	Ground	< 30 minutes	< 14 days	EHI01315	SD0322901	ERS23744641
AAU49	Faecal	Trap	< 3 hours	< 1 day	EHI01514	SD0043902	ERS22455895
AEX46	Faecal	NA	NA	NA	EHI00689	SD0232401	ERS23744636
AHB98	Faecal	Animal	< 1 minute	< 14 days	EHI02294	SD0435101	ERS23745706
AEL42	Faecal	Trap	< 3 hours	< 1 day	EHI02025	SD0031303	ERS22455916
AHG59	Faecal	Animal	< 1 minute	< 14 days	EHI02211	SD0437201	ERS23744623
AJP54	Faecal	Housing	NA	< 1 day	EHI02603	SD0385701	ERS22455848
AEU09	Faecal	Trap	< 3 hours	< 1 day	EHI01454	SD0170303	ERS22456195
AHC64	Faecal	Animal	< 1 minute	< 14 days	EHI02176	SD0436001	ERS23745648
AAP88	Faecal	Trap	< 1 hour	< 1 day	EHI01620	SD0341501	ERS22455978
AHC60	Faecal	Animal	< 1 minute	< 14 days	EHI02175	SD0435501	ERS23745658
AAP70	Anal/cloacal swab	Animal	< 1 minute	< 1 day	EHI01630	SD0343001	ERS22455988
AJP52	Faecal	Housing	NA	< 1 day	EHI02065, EHI02097, EHI02079	SD0384401	ERS22453893
AHB55	Faecal	Animal	< 1 minute	< 14 days	EHI02200	SD0435901	ERS23745714
AJP42	Faecal	Housing	NA	< 1 day	EHI02598	SD0383001	ERS22455849
AHB44	Faecal	Animal	< 1 minute	< 14 days	EHI02308	SD0433301	ERS23744627
AHG82	Faecal	Animal	< 1 minute	< 14 days	EHI02199	SD0438701	ERS23745720
AEV83	Faecal	NA	NA	NA	EHI00742	SD0229401	ERS23745188
AEX74	Faecal	NA	NA	NA	EHI00733	SD0234001	ERS23745704
AAP85	Faecal	Trap	< 1 hour	< 1 day	EHI01631	SD0341701	ERS22455934
AGD17	Faecal	Ground	< 30 minutes	< 14 days	EHI01302	SD0312301	ERS23744694
AGD06	Faecal	Ground	< 30 minutes	< 14 days	EHI01299	SD0313401	ERS23744648
AGC12	Faecal	Ground	< 30 minutes	< 14 days	EHI01287	SD0317601	ERS23744692
ABB21	Faecal	Trap	< 3 hours	< 1 day	EHI01508	SD0034003	ERS22456207
ABQ47	Faecal	NA	NA	NA	EHI02296	SD0237001	ERS23745198
ABC40	Faecal	Trap	< 3 hours	< 1 day	EHI01770	SD0031401	ERS22455881
ADJ93	Faecal	Animal	< 1 minute	< 1 day	EHI00462	SD0088701	ERS21964422
AAA90	Faecal	Trap	< 3 hours	< 1 day	EHI01477	SD0034302	ERS22455941
ACH53	Faecal	Trap	< 3 hours	< 1 day	EHI01553	SD0170901	ERS22456186
AAW23	Faecal	Other	< 10 minutes	< 3 days	EHI00127, EHI01244	SD0018601	ERS23737862
AEX26	Faecal	NA	NA	NA	EHI00753	SD0229801	ERS23745675
ABH96	Faecal	Animal	< 1 minute	< 1 day	EHI02183	SD0102601	ERS22904987
AAA89	Faecal	Trap	< 3 hours	< 1 day	EHI00417	SD0034201	ERS22556546
ABJ45	Faecal	Animal	< 1 minute	< 21 days	EHI00182	SD0058801	ERS22551330
AHC80	Faecal	Animal	< 1 minute	< 14 days	EHI02220	SD0434201	ERS23745710
AEY27	Faecal	NA	NA	NA	EHI00734	SD0236301	ERS23745656
AAW64	Faecal	Other	< 10 minutes	< 7 days	EHI01540	SD0325501	ERS21098331
AHC48	Faecal	Animal	< 1 minute	< 14 days	EHI02172	SD0433901	ERS23745676
AIQ59	Faecal	Housing	NA	< 14 days	EHI01980	SD0421101	ERS23744569
ABL88	Faecal	Animal	< 1 minute	< 21 days	EHI00296	SD0052201	ERS22551292
ABC48	Faecal	Trap	< 3 hours	< 1 day	EHI02299	SD0039701	ERS22456178
AFL04	Faecal	NA	NA	NA	EHI00708	SD0224401	ERS23745722
ACG96	Faecal	Trap	< 3 hours	< 1 day	EHI02255	SD0172301	ERS22456025
AJP45	Faecal	Housing	NA	< 1 day	EHI02632	SD0384701	ERS22453897
ACH48	Faecal	Trap	< 3 hours	< 1 day	EHI01476	SD0172201	ERS22456035
AAV32	Faecal	Trap	< 3 hours	< 1 day	EHI01556	SD0039102	ERS22456172
AJP59	Faecal	Housing	NA	< 1 day	EHI02619	SD0384201	ERS22455844
AGD38	Faecal	Ground	< 30 minutes	< 14 days	EHI01301	SD0310401	ERS23744633
AAV74	Faecal	Trap	< 3 hours	< 1 day	EHI02274	SD0040901	ERS22455912
AAP49	Faecal	Trap	NA	< 1 day	EHI01613	SD0342101	ERS22455864
AFV12	Faecal	Animal	< 1 minute	< 1 day	EHI01850	SD0379301	ERS22905053
ADM79	Faecal	Animal	< 1 minute	< 1 day	EHI00507	SD0080301	ERS21953444
AHB78	Faecal	Animal	< 1 minute	< 14 days	EHI02203	SD0433101	ERS23745692
AEL11	Faecal	Trap	< 3 hours	< 1 day	EHI01516	SD0031103	ERS22455980
AGP17	Faecal	Other	< 1 hour	< 1 day	EHI02590	SD0452501	ERS22455976
AAZ47	Faecal	Trap	< 3 hours	< 1 day	EHI01521	SD0046601	ERS22456015
AEM14	Faecal	Trap	< 3 hours	< 1 day	EHI02300	SD0175202	ERS22456161
AGC09	Faecal	Ground	< 30 minutes	< 14 days	EHI01304	SD0316001	ERS23744651
AJP46	Faecal	Housing	< 3 hours	< 1 day	EHI01966	SD0385301	ERS22453903
ABM23	Faecal	Animal	< 1 minute	< 1 day	EHI02185	SD0104701	ERS22905057
AGP44	Faecal	Other	< 1 hour	< 1 day	EHI02626	SD0450801	ERS22557307
ABB14	Faecal	Trap	< 3 hours	< 1 day	EHI02008	SD0036402	ERS22455949
AAV84	Faecal	Trap	< 3 hours	< 1 day	EHI01474	SD0043001	ERS22456159
AEL82	Faecal	Trap	< 3 hours	< 1 day	EHI00389	SD0178901	ERS22456200
AGP62	Faecal	Other	< 1 hour	< 1 day	EHI02640	SD0450901	ERS22557286
AGO81	Faecal	Trap	< 1 hour	< 1 day	EHI01619	SD0346601	ERS22455957
ADL33	Faecal	Animal	< 1 minute	< 1 day	EHI00464	SD0079201	ERS22455180
AGD33	Faecal	Ground	< 30 minutes	< 14 days	EHI01307	SD0310801	ERS23744621
ABB24	Anal/cloacal swab	Animal	< 1 minute	< 1 day	EHI00150	SD0041201	ERS22559683
ACG51	Faecal	Trap	< 3 hours	< 1 day	EHI01552	SD0171101	ERS22456027
ABA78	Faecal	Trap	< 3 hours	< 1 day	EHI01529	SD0043904	ERS22455900
AEX44	Faecal	NA	NA	NA	EHI00688	SD0232301	ERS23745684
ADK31	Oral swab	Animal	< 1 minute	< 1 day	EHI00602	SD0086801	ERS21951909
ADL34	Faecal	Animal	< 1 minute	< 1 day	EHI00547	SD0077701	ERS22455185
AEM26	Faecal	Trap	< 3 hours	< 1 day	EHI01493	SD0169503	ERS22456153
ADJ34	Faecal	Animal	< 1 minute	< 1 day	EHI00422	SD0086201	ERS22455172
AJP67	Faecal	Housing	NA	< 1 day	EHI02587	SD0383201	ERS22455847
AGC36	Faecal	Ground	< 30 minutes	< 14 days	EHI01384	SD0317501	ERS23744665
AIR14	Colon contents	Animal	< 3 hours	NA	EHI02712	SD0453201	ERS23744556
ABD27	Faecal	Housing	< 6 hours	< 1 day	EHI02073, EHI02114, EHI02086	SD0148301	ERS23734939
AEC24	Faecal	Trap	< 6 hours	< 1 day	EHI02082, EHI02064, EHI02098	SD0284001	ERS22455876
AJP57	Faecal	Housing	< 3 hours	< 1 day	EHI01982	SD0385501	ERS22453890
AAV05	Faecal	Trap	< 3 hours	< 1 day	EHI01482	SD0034102	ERS22455887
AHB56	Faecal	Animal	< 1 minute	< 14 days	EHI02217	SD0434901	ERS23745345
AEV85	Faecal	NA	NA	NA	EHI00743	SD0229501	ERS23744661
ACG56	Faecal	Trap	< 3 hours	< 1 day	EHI02009	SD0169201	ERS22456031
AKD81	Skin swab: ventral	Animal	< 1 minute	< 1 day	EHI02698	SD0385601	ERS22546200
AFU61	Faecal	Animal	< 6 hours	< 1 day	EHI00764	SD0264001	ERS22905287
AGO24	Faecal	Other	< 30 minutes	< 1 day	EHI02579	SD0449401	ERS22455942
AHB82	Faecal	Animal	< 1 minute	< 14 days	EHI02280	SD0430201	ERS23745668
ADM28	Faecal	Animal	< 1 minute	< 1 day	EHI00426	SD0080801	ERS21954488
AGC23	Faecal	Ground	< 30 minutes	< 14 days	EHI01314	SD0317801	ERS23744642
AEU26	Faecal	Trap	< 3 hours	< 1 day	EHI02018	SD0191502	ERS22455928
AKD76	Skin swab: dorsal	Animal	< 1 minute	< 1 day	EHI02693	SD0385901	ERS22546196
ABA05	Faecal	Trap	< 3 hours	< 1 day	EHI02275	SD0030901	ERS22455925
AHB48	Faecal	Animal	< 1 minute	< 14 days	EHI02155	SD0432701	ERS23745340
AJP56	Faecal	Housing	< 3 hours	< 1 day	EHI01989	SD0385401	ERS22453898
AGB87	Faecal	Ground	< 30 minutes	< 14 days	EHI01311	SD0314901	ERS23744606
AIR07	Colon contents	Animal	< 30 minutes	NA	EHI02701	SD0454001	ERS23744592
AAO94	Faecal	Trap	< 1 hour	< 1 day	EHI01449	SD0343301	ERS22455858
ABQ45	Faecal	NA	NA	NA	EHI00670	SD0238001	ERS23745657
AIR09	Colon contents	Animal	< 3 hours	NA	EHI02721	SD0454101	ERS23744557
AAA54	Faecal	Trap	< 3 hours	< 1 day	EHI01551	SD0034601	ERS22456170
AAW15	Faecal	Other	< 10 minutes	< 7 days	EHI00099, EHI01243	SD0017801	ERS23737863
AHU97	Faecal	Animal	< 1 minute	< 1 day	EHI02076, EHI02077, EHI02120	SD0355501	ERS23744668
AEL37	Faecal	Trap	< 3 hours	< 1 day	EHI02016	SD0178301	ERS22556549
AGO89	Faecal	Other	< 3 hours	< 1 day	EHI02575	SD0452801	ERS22455958
AAA52	Faecal	Trap	< 3 hours	< 1 day	EHI01455	SD0035901	ERS22456211
AHB79	Faecal	Animal	< 1 minute	< 14 days	EHI02163	SD0435001	ERS23745671
ABM21	Faecal	Animal	< 1 minute	< 1 day	EHI02205	SD0104601	ERS23737865
AFU72	Faecal	Animal	< 6 hours	< 1 day	EHI00769	SD0265201	ERS22904990
AAU79	Faecal	Trap	< 3 hours	< 1 day	EHI01469	SD0043602	ERS22455962
AJP61	Faecal	Housing	NA	< 1 day	EHI02624	SD0384801	ERS22455845
AGB96	Faecal	Ground	< 30 minutes	< 14 days	EHI01293	SD0316901	ERS23744610
AGP07	Faecal	Other	< 3 hours	< 1 day	EHI02634	SD0452201	ERS22557258
AEM20	Faecal	Trap	< 3 hours	< 1 day	EHI02303	SD0179402	ERS22455846
ADV31	Faecal	Trap	< 3 hours	< 1 day	EHI01530	SD0170302	ERS22456215
AHC09	Faecal	Animal	< 1 minute	< 14 days	EHI02169	SD0433601	ERS23745705
AGC48	Faecal	Ground	< 30 minutes	< 14 days	EHI01303	SD0317001	ERS23744603
AAQ17	Faecal	Trap	< 1 hour	< 1 day	EHI01627	SD0344301	ERS22557309
AAV28	Faecal	Trap	< 3 hours	< 1 day	EHI01453	SD0037002	ERS22456032
AFL08	Faecal	NA	NA	NA	EHI00709	SD0224601	ERS23745348
AGD32	Faecal	Ground	< 30 minutes	< 14 days	EHI01286	SD0310901	ERS23744686
AIR06	Colon contents	Animal	< 30 minutes	NA	EHI02725	SD0454001	ERS23744568
AIR91	Colon contents	Animal	< 3 hours	NA	EHI02704	SD0453601	ERS23744588
ABA94	Faecal	Trap	< 3 hours	< 1 day	EHI02026	SD0044803	ERS22455952
ABL02	Faecal	Animal	< 1 minute	< 21 days	EHI00107	SD0055001	ERS22551304
ABL57	Faecal	Animal	< 1 minute	< 21 days	EHI00118	SD0057301	ERS22551282
AAV04	Faecal	Trap	< 3 hours	< 1 day	EHI01505	SD0034602	ERS22456038
AGC55	Faecal	Ground	< 30 minutes	< 14 days	EHI01383	SD0316301	ERS23744669
AHC10	Faecal	Animal	< 1 minute	< 14 days	EHI02218	SD0432201	ERS23744613
ABL29	Faecal	Animal	< 1 minute	< 21 days	EHI00114	SD0055901	ERS22551268
AEX73	Faecal	NA	NA	NA	EHI00695	SD0234401	ERS23745674
ADM74	Faecal	Animal	< 1 minute	< 1 day	EHI00496	SD0083001	ERS21966517
AEX07	Faecal	NA	NA	NA	EHI00678	SD0231301	ERS23744625
AGC05	Faecal	Ground	< 30 minutes	< 14 days	EHI01317	SD0322801	ERS23744653
AJP66	Faecal	Housing	NA	< 1 day	EHI02612	SD0383301	ERS22453888
AGP32	Faecal	Other	< 30 minutes	< 1 day	EHI02627	SD0447801	ERS22455911
ABQ93	Faecal	NA	NA	NA	EHI00728	SD0237901	ERS23744671
ABB94	Faecal	Trap	< 3 hours	< 1 day	EHI01771	SD0033101	ERS22456009
ADM61	Faecal	Animal	< 1 minute	< 1 day	EHI00568	SD0081201	ERS22455158
AGC94	Faecal	Ground	< 30 minutes	< 14 days	EHI01309	SD0314501	ERS23744685
AEV81	Faecal	NA	NA	NA	EHI00676	SD0229301	ERS23745701
NSAP67	Anal/cloacal swab	Animal	< 1 minute	< 3 days	EHI00025	SD0116901	ERS23745182
ACH02	Faecal	Trap	< 3 hours	< 1 day	EHI02007	SD0169101	ERS22455909
AGD29	Faecal	Ground	< 30 minutes	< 14 days	EHI01326	SD0311101	ERS23744691
AFK90	Faecal	NA	NA	NA	EHI00706	SD0223801	ERS23745667
AFK65	Faecal	NA	NA	NA	EHI00704	SD0222601	ERS23745711
AAZ62	Faecal	Trap	< 3 hours	< 1 day	EHI02000	SD0030001	ERS22456157
AAA50	Faecal	Trap	< 3 hours	< 1 day	EHI02036	SD0037301	ERS22556564
AFU66	Faecal	Animal	< 6 hours	< 1 day	EHI00773	SD0264401	ERS22905326
ABB49	Faecal	Trap	< 3 hours	< 1 day	EHI02001	SD0036102	ERS22455943
ADK34	Faecal	Animal	< 1 minute	< 1 day	EHI00441	SD0085901	ERS21966516
ABJ83	Faecal	Animal	< 1 minute	< 21 days	EHI00139	SD0060701	ERS22551341
AEM16	Faecal	Trap	< 3 hours	< 1 day	EHI01999	SD0169103	ERS22455950
AAW63	Faecal	Other	< 10 minutes	< 7 days	EHI01535	SD0325401	ERS21098329
AFL15	Faecal	NA	NA	NA	EHI00710	SD0223101	ERS23745210
ABK16	Faecal	Animal	< 1 minute	< 14 days	EHI00120	SD0061801	ERS22551299
ABQ08	Faecal	NA	NA	NA	EHI00667	SD0236601	ERS23745213
AEL73	Faecal	Trap	< 3 hours	< 1 day	EHI00381	SD0044604	ERS22456189
AHB69	Faecal	Animal	< 1 minute	< 14 days	EHI02221	SD0429901	ERS23745680
ABB06	Faecal	Trap	< 3 hours	< 1 day	EHI01527	SD0034403	ERS22455977
ABK59	Faecal	Animal	< 1 minute	< 14 days	EHI00119	SD0063701	ERS22551287
AHB70	Faecal	Animal	< 1 minute	< 14 days	EHI02194	SD0430401	ERS23745337
AFK63	Faecal	NA	NA	NA	EHI00735	SD0222901	ERS23745227
AIQ56	Faecal	Housing	NA	< 14 days	EHI01971	SD0420801	ERS23744545
AJP40	Faecal	Housing	NA	< 1 day	EHI02607	SD0385201	ERS22453900
AEX59	Faecal	NA	NA	NA	EHI00692	SD0232901	ERS23744666
AFL24	Faecal	NA	NA	NA	EHI00759	SD0223201	ERS23745712
AAW49	Faecal	Other	< 10 minutes	< 7 days	EHI01565	SD0323601	ERS21098323
AIQ85	Faecal	Housing	NA	< 3 days	EHI01988	SD0421002	ERS23744602
AGO39	Faecal	Other	< 3 hours	< 1 day	EHI02629	SD0448601	ERS22455926
AGO07	Faecal	Other	< 30 minutes	< 1 day	EHI02572	SD0450101	ERS22455963
AAA11	Anal/cloacal swab	Animal	< 1 minute	< 1 day	EHI01761	SD0033301	ERS22456166
ADV66	Faecal	Trap	< 3 hours	< 1 day	EHI01483	SD0172202	ERS22456214
ADU76	Faecal	Trap	< 3 hours	< 1 day	EHI02030	SD0169202	ERS22556563
AAW52	Faecal	Other	< 10 minutes	< 7 days	EHI01563	SD0325301	ERS21098343
AAV94	Faecal	Trap	< 3 hours	< 1 day	EHI02034	SD0030002	ERS22456033
AHG67	Faecal	Animal	< 1 minute	< 14 days	EHI02222	SD0437601	ERS23745715
AGO37	Faecal	Other	< 3 hours	< 1 day	EHI02589	SD0449601	ERS22455877
ABM25	Faecal	Animal	< 1 minute	< 1 day	EHI02186	SD0104801	ERS23737866
AAZ45	Faecal	Trap	< 3 hours	< 1 day	EHI01509	SD0045601	ERS22455892
ABB56	Faecal	Trap	< 3 hours	< 1 day	EHI02237	SD0037602	ERS22456168
AJP51	Faecal	Housing	< 3 hours	< 1 day	EHI02088, EHI02105, EHI02067	SD0382901	ERS22453887
AEX55	Faecal	NA	NA	NA	EHI00691	SD0233101	ERS23745693
AFV08	Faecal	Animal	< 1 minute	< 1 day	EHI01858	SD0378901	ERS22905324
AGO33	Faecal	Other	< 1 hour	< 1 day	EHI02643	SD0450701	ERS22557243
AGB97	Faecal	Ground	< 30 minutes	< 14 days	EHI01281	SD0314701	ERS20510561
AEL88	Faecal	Trap	< 3 hours	< 1 day	EHI01520	SD0045303	ERS22456023
AAV27	Anal/cloacal swab	Animal	< 1 minute	< 1 day	EHI00320	SD0042901	ERS22559675
ACG30	Faecal	Trap	< 3 hours	< 1 day	EHI02292	SD0169301	ERS22455964
ADV61	Faecal	Trap	< 3 hours	< 1 day	EHI01470	SD0171202	ERS22456212
ADV63	Faecal	Trap	< 3 hours	< 1 day	EHI02012	SD0171102	ERS22455905
AEX91	Faecal	NA	NA	NA	EHI00697	SD0235201	ERS23745186
AGC98	Faecal	Ground	< 30 minutes	< 14 days	EHI01328	SD0314101	ERS23744664
AAW75	Faecal	Other	< 10 minutes	< 7 days	EHI01533	SD0323901	ERS21098335
AHC55	Faecal	Animal	< 1 minute	< 14 days	EHI02173	SD0434401	ERS23745343
AGC46	Faecal	Ground	< 30 minutes	< 14 days	EHI01330	SD0316201	ERS23744684
ABA95	Faecal	Trap	< 3 hours	< 1 day	EHI02080, EHI02096, EHI02078	SD0043802	ERS23737830
ABL98	Faecal	Animal	< 1 minute	< 21 days	EHI00102	SD0053301	ERS22551354
AHG79	Faecal	Animal	< 1 minute	< 14 days	EHI02293	SD0438401	ERS23745230
AAU57	Faecal	Trap	< 3 hours	< 1 day	EHI01510	SD0043901	ERS22456177
AJP39	Faecal	Housing	NA	< 1 day	EHI02615	SD0384901	ERS22453885
AIQ51	Faecal	Housing	NA	< 14 days	EHI01978	SD0420301	ERS23744601
AAV40	Faecal	Trap	< 3 hours	< 1 day	EHI00161	SD0042102	ERS22559679
AHB97	Faecal	Animal	< 1 minute	< 14 days	EHI02166	SD0432801	ERS23745699
AEY29	Faecal	NA	NA	NA	EHI00755	SD0236201	ERS23745180
ABL53	Faecal	Animal	< 1 minute	< 21 days	EHI00121	SD0057101	ERS22551313
AAZ65	Faecal	Trap	< 3 hours	< 1 day	EHI02068, EHI02089, EHI02070	SD0032701	ERS23737829
ABI42	Faecal	Animal	< 1 minute	< 14 days	EHI00122	SD0064801	ERS22551267
ABL68	Faecal	Animal	< 1 minute	< 21 days	EHI00218	SD0051001	ERS22551315
ABA33	Faecal	Trap	< 3 hours	< 1 day	EHI01499	SD0035603	ERS22455914
AEY28	Faecal	NA	NA	NA	EHI00744	SD0236401	ERS23745206
AAP72	Anal/cloacal swab	Animal	< 1 minute	< 1 day	EHI01629	SD0343101	ERS22455922
AGI42	Faecal	Housing	< 10 minutes	< 1 day	EHI02140, EHI02132, EHI02134	SD0368201	ERS23744572
AHB76	Faecal	Animal	< 1 minute	< 14 days	EHI02201	SD0433401	ERS23745232
ABI47	Tissue	Animal	< 1 minute	< 14 days	EHI00003, EHI00198, EHI00175	SD0065001	ERS22551318
ABI38	Faecal	Animal	< 1 minute	< 14 days	EHI00178	SD0064601	ERS22551317
AFV13	Faecal	Animal	< 1 minute	< 1 day	EHI01844	SD0379401	ERS22905082
ABL64	Faecal	Animal	< 1 minute	< 21 days	EHI00133	SD0050801	ERS22551306
AIQ55	Faecal	Housing	NA	< 14 days	EHI01976	SD0420701	ERS23744589
AAW04	Faecal	Trap	< 3 hours	< 1 day	EHI02236	SD0032401	ERS22456193
AIR30	Colon contents	Animal	< 3 hours	NA	EHI02706	SD0453401	ERS23744583
AGC4	Faecal	Ground	< 30 minutes	< 14 days	EHI01284	SD0317301	ERS23744643
AAW11	Faecal	Other	< 10 minutes	< 3 days	EHI00078	SD0017401	ERS23737872
AHE12	Faecal	Animal	< 1 minute	< 14 days	EHI02196	SD0437801	ERS23745216
AFM27	Faecal	NA	NA	NA	EHI00736	SD0225101	ERS23745689
AAU51	Faecal	Trap	< 3 hours	< 1 day	EHI02273	SD0043202	ERS22455992
ABQ90	Faecal	NA	NA	NA	EHI02287	SD0237101	ERS23745225
AEX22	Faecal	NA	NA	NA	EHI00730	SD0229701	ERS23745228
AIQ53	Faecal	Housing	NA	< 14 days	EHI01991	SD0420501	ERS23744535
ABA70	Faecal	Trap	< 3 hours	< 1 day	EHI01741	SD0029301	ERS22456180
ABI40	Faecal	Animal	< 1 minute	< 14 days	EHI00076	SD0064701	ERS22551288
AHB53	Faecal	Animal	< 1 minute	< 14 days	EHI02156	SD0432901	ERS23745694
ABH82	Faecal	Animal	< 1 minute	< 1 day	EHI02204	SD0101901	ERS22905055
AIQ84	Faecal	Housing	NA	< 3 days	EHI01990	SD0420902	ERS23744546
AJF25	Colon contents	Animal	< 1 hour	NA	EHI02734	SD0454201	ERS23744593
AEX13	Faecal	NA	NA	NA	EHI02207	SD0231001	ERS23745707
ABK20	Faecal	Animal	< 1 minute	< 14 days	EHI00112	SD0062001	ERS22551290
AAA02	Anal/cloacal swab	Animal	< 1 minute	< 1 day	EHI01760	SD0034701	ERS22556567
ADK28	Faecal	Animal	< 1 minute	< 1 day	EHI00541	SD0087001	ERS22455181
AAV79	Faecal	Trap	< 3 hours	< 1 day	EHI02235	SD0038202	ERS22456043
AIQ49	Faecal	Housing	NA	< 14 days	EHI01861	SD0420101	ERS23744585
ABM27	Faecal	Animal	< 10 minutes	< 1 day	EHI02187	SD0105401	ERS23737873
AGP26	Faecal	Other	< 30 minutes	< 1 day	EHI02616	SD0452901	ERS22557408
ABI56	Faecal	Animal	< 1 minute	< 14 days	EHI00089	SD0065501	ERS22551350
AAP07	Faecal	Trap	< 1 hour	< 1 day	EHI01439	SD0345501	ERS22455966
AGO36	Faecal	Other	< 3 hours	< 1 day	EHI02573	SD0449901	ERS22557283
ABC26	Faecal	Trap	< 3 hours	< 1 day	EHI00365	SD0032601	ERS22456013
ACH54	Faecal	Trap	< 3 hours	< 1 day	EHI01515	SD0170301	ERS22456036
AAZ39	Faecal	Trap	< 3 hours	< 1 day	EHI02262	SD0043701	ERS22455994
AAQ19	Faecal	Trap	< 1 hour	< 1 day	EHI01584	SD0344101	ERS22557241
AAA57	Faecal	Trap	< 3 hours	< 1 day	EHI00276	SD0036601	ERS22559697
AAB49	Faecal	Trap	< 3 hours	< 1 day	EHI00402	SD0037101	ERS22455944
AEL78	Faecal	Trap	< 3 hours	< 1 day	EHI00411	SD0179001	ERS22455882
ADM56	Oral swab	Animal	< 1 minute	< 1 day	EHI00520	SD0083101	ERS21965629
AGO32	Faecal	Other	< 1 hour	< 1 day	EHI02571	SD0449701	ERS22557308
AFV17	Faecal	Animal	< 1 minute	< 1 day	EHI01855	SD0379801	ERS22905074
ABL37	Faecal	Animal	< 1 minute	< 21 days	EHI00080	SD0056301	ERS22551291
ADW01	Faecal	Trap	< 3 hours	< 1 day	EHI02010	SD0030303	ERS22456029
AGO20	Faecal	Other	< 30 minutes	< 1 day	EHI02581	SD0448801	ERS22455935
AAV18	Faecal	Trap	< 3 hours	< 1 day	EHI01467	SD0034402	ERS23737831
AAA74	Faecal	Trap	< 3 hours	< 1 day	EHI02003	SD0046301	ERS22456183
AAB39	Faecal	Trap	< 3 hours	< 1 day	EHI01549	SD0044001	ERS22456204
AAZ79	Faecal	Trap	< 3 hours	< 1 day	EHI01512	SD0044602	ERS22455918
AGO83	Anal/cloacal swab	Animal	< 1 minute	< 1 day	EHI01626	SD0346301	ERS22455965
AEX89	Faecal	NA	NA	NA	EHI00696	SD0235001	ERS23745219
AAU89	Anal/cloacal swab	Animal	< 1 minute	< 1 day	EHI00158	SD0034202	ERS22559721
AFV20	Faecal	Animal	< 1 minute	< 1 day	EHI02072, EHI02102, EHI02091	SD0380001	ERS23745179
AFV10	Faecal	Animal	< 1 minute	< 1 day	EHI01832	SD0379101	ERS22905156
AAW72	Faecal	Other	< 10 minutes	< 7 days	EHI01539	SD0324001	ERS21098330
AAO92	Faecal	Trap	< 1 hour	< 1 day	EHI01444	SD0345301	ERS22455873
ABL19	Faecal	Animal	< 1 minute	< 21 days	EHI00079	SD0055401	ERS22551319
AHB60	Faecal	Animal	< 1 minute	< 14 days	EHI02284	SD0434501	ERS23745662
AHC49	Faecal	Animal	< 1 minute	< 14 days	EHI02295	SD0434101	ERS23744647
AGO79	Faecal	Trap	< 1 hour	< 1 day	EHI01621	SD0346301	ERS22557285
AEM11	Faecal	Trap	< 3 hours	< 1 day	EHI02241	SD0179501	ERS22455906
AEX08	Faecal	NA	NA	NA	EHI00679	SD0230101	ERS23744639
AIR15	Colon contents	Animal	< 3 hours	NA	EHI02699	SD0453201	ERS23744596
ADI97	Faecal	Animal	< 1 minute	< 1 day	EHI00525	SD0086001	ERS21951804
AAO95	Faecal	Trap	< 1 hour	< 1 day	EHI01611	SD0343201	ERS22455865
ABM44	Faecal	Animal	< 10 minutes	< 1 day	EHI02147	SD0105301	ERS23737848
ADK03	Oral swab	Animal	< 1 minute	< 1 day	EHI00359	SD0088101	ERS22556437
AEM04	Faecal	Trap	< 3 hours	< 1 day	EHI01457	SD0170903	ERS22455889
AAU88	Faecal	Trap	< 3 hours	< 1 day	EHI02027	SD0037302	ERS22456001
ADM14	Faecal	Animal	< 1 minute	< 1 day	EHI00527	SD0078901	ERS21954984
ABL25	Faecal	Animal	< 1 minute	< 21 days	EHI00085	SD0055701	ERS22551339
AEU44	Faecal	Trap	< 3 hours	< 1 day	EHI02306	SD0176902	ERS22455937
AHC08	Faecal	Animal	< 1 minute	< 14 days	EHI02168	SD0435401	ERS23745191
AAA08	Anal/cloacal swab	Animal	< 1 minute	< 1 day	EHI01759	SD0034801	ERS22456208
ABL76	Faecal	Animal	< 1 minute	< 21 days	EHI00128	SD0051401	ERS22551302
AAB20	Faecal	Trap	< 3 hours	< 1 day	EHI00414	SD0037001	ERS22456034
AHC89	Faecal	Animal	< 1 minute	< 14 days	EHI02179	SD0434601	ERS23744611
AGO13	Faecal	Other	< 3 hours	< 1 day	EHI02594	SD0448001	ERS22455987
ADV86	Faecal	Trap	< 3 hours	< 1 day	EHI00410	SD0031202	ERS22456045
AEC23	Faecal	Trap	< 6 hours	< 1 day	EHI02100, EHI02074, EHI02106	SD0284101	ERS22455869
AAW62	Faecal	Other	< 10 minutes	< 7 days	EHI01543	SD0325601	ERS21098337
ADV27	Faecal	Trap	< 3 hours	< 1 day	EHI00418	SD0040203	ERS22456202
AEX37	Faecal	NA	NA	NA	EHI00731	SD0232201	ERS23745654
AAW37	Faecal	Other	< 10 minutes	< 7 days	EHI01545	SD0324501	ERS21098340
AGP52	Faecal	Other	< 1 hour	< 1 day	EHI02605	SD0451801	ERS22455951
AHB75	Faecal	Animal	< 1 minute	< 14 days	EHI02162	SD0433001	ERS23745717
AFM37	Faecal	NA	NA	NA	EHI00713	SD0225501	ERS23745677
AHG57	Faecal	Animal	< 1 minute	< 14 days	EHI02210	SD0437101	ERS23745669
AEX97	Faecal	NA	NA	NA	EHI00700	SD0235101	ERS23745344
AGO80	Faecal	Trap	< 1 hour	< 1 day	EHI01616	SD0346401	ERS22455968
ABQ44	Faecal	NA	NA	NA	EHI00669	SD0238601	ERS23745664
ADI75	Faecal	Animal	< 1 minute	< 1 day	EHI00477	SD0081301	ERS21964413
AGD36	Faecal	Ground	< 30 minutes	< 14 days	EHI01329	SD0310601	ERS23744682
ABA79	Faecal	Trap	< 3 hours	< 1 day	EHI01464	SD0043603	ERS22455961
AAU62	Faecal	Trap	< 3 hours	< 1 day	EHI01475	SD0043601	ERS22456167
AFM55	Faecal	NA	NA	NA	EHI00715	SD0226301	ERS23745650
ABM07	Faecal	Animal	< 1 minute	< 21 days	EHI00205	SD0052601	ERS22551275
AGZ79	Faecal	Animal	< 1 minute	< 1 day	EHI01372	SD0319301	ERS23745184
AFV09	Faecal	Animal	< 1 minute	< 1 day	EHI01846	SD0379001	ERS22904993
AFM89	Faecal	NA	NA	NA	EHI00722	SD0228001	ERS23745338
AHB72	Faecal	Animal	< 1 minute	< 14 days	EHI02161	SD0431101	ERS23745190
AGI41	Faecal	Housing	< 10 minutes	< 1 day	EHI02117, EHI02127, EHI02108	SD0368101	ERS23745172
ADV71	Faecal	Trap	< 3 hours	< 1 day	EHI02033	SD0191402	ERS22455946
ABK55	Faecal	Animal	< 1 minute	< 14 days	EHI00126	SD0063501	ERS22551338
ABA85	Faecal	Trap	< 3 hours	< 1 day	EHI02298	SD0045803	NA
ACB61	Faecal	Housing	< 1 minute	< 7 days	EHI02081, EHI02118, EHI02084	SD0050101	ERS23745141
AEV73	Faecal	NA	NA	NA	EHI00674	SD0228901	ERS23745673
AAV39	Anal/cloacal swab	Animal	< 1 minute	< 1 day	EHI00153	SD0042102	ERS22559701
AGC41	Faecal	Ground	< 30 minutes	< 14 days	EHI01382	SD0317701	ERS23744635
AAW36	Faecal	Other	< 10 minutes	< 7 days	EHI01531	SD0324101	ERS21098333
AHW91	Faecal	Animal	< 1 minute	< 1 day	EHI02075, EHI02113, EHI02092	SD0363401	ERS23745185
AHE14	Faecal	Animal	< 1 minute	< 14 days	EHI02197	SD0437901	ERS23745708
AAV58	Faecal	Trap	< 3 hours	< 1 day	EHI02006	SD0046302	ERS22556556
AGO45	Faecal	Other	< 3 hours	< 1 day	EHI02597	SD0450401	ERS22557296
AJF60	Colon contents	Animal	< 1 hour	NA	EHI02723	SD0454201	ERS23744567
AGC29	Faecal	Ground	< 30 minutes	< 14 days	EHI01285	SD0316401	ERS23744652
AAP02	Faecal	Trap	< 1 hour	< 1 day	EHI01441	SD0346701	ERS22455868
ADU78	Faecal	Trap	< 3 hours	< 1 day	EHI02022	SD0172402	ERS22556543
ACH57	Faecal	Trap	< 3 hours	< 1 day	EHI01500	SD0170801	ERS22456164
ABK90	Faecal	Animal	< 1 minute	< 21 days	EHI00086	SD0054001	ERS22551344
AFK92	Faecal	NA	NA	NA	EHI00707	SD0223901	ERS23744657
AFU85	Faecal	Animal	< 1 minute	< 1 day	EHI00770	SD0265601	ERS22904991
ADL93	Faecal	Animal	< 1 minute	< 1 day	EHI00499	SD0077601	ERS21966518
ADW06	Faecal	Trap	< 3 hours	< 1 day	EHI01487	SD0170802	ERS22455897
AFV16	Faecal	Animal	< 1 minute	< 1 day	EHI01836	SD0379701	ERS22905070
AJP48	Faecal	Housing	< 3 hours	< 1 day	EHI01979	SD0385601	ERS22455855
ADK32	Faecal	Animal	< 1 minute	< 1 day	EHI00479	SD0086801	ERS21956166
AFM73	Faecal	NA	NA	NA	EHI00756	SD0227201	ERS23745223
AGB81	Faecal	Ground	< 30 minutes	< 14 days	EHI01381	SD0316101	ERS23744688
ABK05	Faecal	Animal	< 1 minute	< 14 days	EHI00180	SD0061301	ERS22551327
AEL96	Faecal	Trap	< 3 hours	< 1 day	EHI01506	SD0045603	ERS22456155
ACB56	Faecal	Housing	< 1 minute	< 7 days	EHI02087, EHI02112, EHI02090	SD0049601	ERS23745161
AGO69	Faecal	Trap	< 1 hour	< 1 day	EHI02095, EHI02104, EHI02085	SD0341201	ERS22455872
ABI37	Faecal	NA	NA	NA	EHI02184	SD0239301	ERS23745647
AIR10	Colon contents	Animal	< 3 hours	NA	EHI02710	SD0454101	ERS23744580
AEX12	Faecal	NA	NA	NA	EHI00681	SD0231501	ERS23745352
AEU13	Faecal	Trap	< 3 hours	< 1 day	EHI02305	SD0180401	ERS22456151
AAQ18	Faecal	Trap	< 1 hour	< 1 day	EHI02115, EHI02128, EHI02109	SD0344401	ERS22455933
ABA43	Faecal	Trap	< 3 hours	< 1 day	EHI01523	SD0034203	ERS22556559
AAU78	Faecal	Trap	< 3 hours	< 1 day	EHI01456	SD0044102	ERS22455899
AGD11	Faecal	Ground	< 30 minutes	< 14 days	EHI01324	SD0312901	ERS23744660
AAQ04	Anal/cloacal swab	Animal	< 1 minute	< 1 day	EHI01624	SD0341501	ERS22455996
ABK61	Faecal	Animal	< 1 minute	< 14 days	EHI00113	SD0063801	ERS22551278
ADK11	Faecal	Animal	< 1 minute	< 1 day	EHI00566	SD0087901	ERS21956300
AHC47	Faecal	Animal	< 1 minute	< 14 days	EHI02171	SD0433501	ERS23745696
ADK29	Oral swab	Animal	< 1 minute	< 1 day	EHI00353	SD0086901	ERS22549867
AEX24	Faecal	NA	NA	NA	EHI00752	SD0230001	ERS23745697
ABC05	Faecal	Trap	< 3 hours	< 1 day	EHI01519	SD0046602	ERS22455973
ABB64	Faecal	Trap	< 3 hours	< 1 day	EHI01497	SD0044103	ERS22456154
AGO34	Faecal	Other	< 1 hour	< 1 day	EHI02646	SD0450201	ERS22455971
ADM16	Faecal	Animal	< 1 minute	< 1 day	EHI00569	SD0079001	ERS21953567
ABB26	Faecal	Trap	< 3 hours	< 1 day	EHI00144	SD0041201	ERS22557299
AGD14	Faecal	Ground	< 30 minutes	< 14 days	EHI01312	SD0312601	ERS23744632
AAW60	Faecal	Other	< 10 minutes	< 7 days	EHI01544	SD0325201	ERS21098332
AGB82	Faecal	Ground	< 30 minutes	< 14 days	EHI01291	SD0316801	ERS23744690
AIQ50	Faecal	Housing	NA	< 14 days	EHI01969	SD0420201	ERS23744573
AAW22	Faecal	Other	< 10 minutes	< 3 days	EHI00135	SD0018501	ERS23737856
AGO11	Faecal	Other	< 3 hours	< 1 day	EHI02580	SD0447901	ERS22455919
AGD19	Faecal	Ground	< 30 minutes	< 14 days	EHI01318	SD0312101	ERS23744605
ABJ71	Faecal	Animal	< 1 minute	< 21 days	EHI00181	SD0060101	ERS22551343
AIS02	Colon contents	Animal	< 3 hours	NA	EHI02705	SD0453501	ERS23744561
AAW14	Faecal	Other	< 10 minutes	< 3 days	EHI00090	SD0017701	ERS23737869
AAW20	Faecal	Animal	< 10 minutes	< 3 days	EHI00084, EHI01239	SD0018301	ERS23737859
ABJ89	Faecal	Animal	< 1 minute	< 21 days	EHI00069	SD0061001	ERS22551271
AJP50	Faecal	Housing	NA	< 1 day	EHI02582	SD0385901	ERS22453894
AIQ86	Faecal	Housing	NA	< 3 days	EHI01972	SD0421102	ERS23744582
AHC82	Faecal	Animal	< 1 minute	< 14 days	EHI02177	SD0434301	ERS23745716
ABA63	Anal/cloacal swab	Animal	< 1 minute	< 1 day	EHI00262	SD0029001	ERS22557265
AAA67	Faecal	Trap	< 3 hours	< 1 day	EHI00408	SD0034301	ERS22556545
ADM18	Faecal	Animal	< 1 minute	< 1 day	EHI00529	SD0083101	ERS22455174
ABQ50	Faecal	NA	NA	NA	EHI00727	SD0237301	ERS23745220
AGP41	Faecal	Other	< 30 minutes	< 1 day	EHI02642	SD0447701	ERS22557244
ABC58	Faecal	Trap	< 3 hours	< 1 day	EHI02272	SD0039401	ERS22456165
AEY30	Faecal	NA	NA	NA	EHI02151	SD0236701	ERS23745207
AAQ15	Faecal	Trap	< 1 hour	< 1 day	EHI01445	SD0344201	ERS22557297
ADM43	Faecal	Animal	< 1 minute	< 1 day	EHI00458	SD0080201	ERS22455176
AFM75	Faecal	NA	NA	NA	EHI00740	SD0227301	ERS23745215
ADK06	Faecal	Animal	< 1 minute	< 1 day	EHI00514	SD0088501	ERS22455173
AHB33	Faecal	Animal	< 1 minute	< 14 days	EHI02282	SD0432101	ERS23745672
AGC18	Faecal	Ground	< 30 minutes	< 14 days	EHI01292	SD0317101	ERS23744696
AAP80	Faecal	Trap	< 1 hour	< 1 day	EHI01623	SD0343601	ERS22455870
AEL05	Faecal	Trap	< 3 hours	< 1 day	EHI00387	SD0176401	ERS22456196
AFM65	Faecal	NA	NA	NA	EHI00718	SD0226901	ERS23744640
ABK48	Faecal	Animal	< 1 minute	< 14 days	EHI00138	SD0063301	ERS22551325
AAW46	Faecal	Other	< 10 minutes	< 7 days	EHI01532	SD0323701	ERS21098345
AIQ83	Faecal	Housing	NA	< 3 days	EHI01983	SD0420802	ERS23744566
ABQ95	Faecal	NA	NA	NA	EHI00672	SD0238401	ERS23745700
ABB40	Faecal	Trap	< 3 hours	< 1 day	EHI01468	SD0035904	ERS22556558
AEU37	Faecal	Trap	< 3 hours	< 1 day	EHI02243	SD0181001	ERS22456158
ABA24	Faecal	Trap	< 3 hours	< 1 day	EHI01996	SD0030301	ERS22556547
ADV83	Faecal	Trap	< 3 hours	< 1 day	EHI02020	SD0032603	ERS22456017
ABL92	Faecal	Animal	< 1 minute	< 21 days	EHI00093	SD0053501	ERS22551326
AGO46	Faecal	Other	< 3 hours	< 1 day	EHI02596	SD0450601	ERS22455990
ADJ98	Oral swab	Animal	< 1 minute	< 1 day	EHI00299	SD0088501	ERS22551260
AAV72	Faecal	Trap	< 3 hours	< 1 day	EHI01471	SD0044003	ERS22456046
AEM55	Faecal	Trap	< 3 hours	< 1 day	EHI02264	SD0042603	ERS22456002
ABH58	Faecal	Animal	< 1 minute	< 1 day	EHI00244	SD0100701	ERS23737834
AFM95	Faecal	NA	NA	NA	EHI00723	SD0227701	ERS23745226
AEY25	Faecal	NA	NA	NA	EHI00703	SD0236101	ERS23745695
AAW09	Faecal	Trap	< 3 hours	< 1 day	EHI01501	SD0041601	ERS22456174
ABJ73	Faecal	Animal	< 1 minute	< 21 days	EHI00110	SD0060201	ERS22551314
ABR21	Faecal	NA	NA	NA	EHI02288	SD0239001	ERS23745212
AIR18	Colon contents	Animal	< 3 hours	NA	EHI02720	SD0453901	ERS23744564
AHW95	Faecal	Animal	< 1 minute	< 1 day	EHI02123, EHI02066, EHI02119	SD0363501	ERS23744553
AEV75	Faecal	NA	NA	NA	EHI00751	SD0229001	ERS23745183
AGO48	Faecal	Other	< 30 minutes	< 1 day	EHI02614	SD0450301	ERS22455871
AGB99	Faecal	Ground	< 30 minutes	< 14 days	EHI01308	SD0317201	ERS23744681
AAA17	Faecal	Trap	< 3 hours	< 1 day	EHI00404	SD0034401	ERS22456014
AFM71	Faecal	NA	NA	NA	EHI00739	SD0227101	ERS23745214
AAP51	Anal/cloacal swab	Animal	< 1 minute	< 1 day	EHI01614	SD0342101	ERS22455866
AIR28	Colon contents	Animal	< 1 hour	NA	EHI02719	SD0453301	ERS23744565
AAW42	Faecal	Other	< 10 minutes	< 7 days	EHI01564	SD0323501	ERS21098325
AAA51	Faecal	Trap	< 3 hours	< 1 day	EHI01490	SD0036001	ERS22455896
ADL30	Faecal	Animal	< 1 minute	< 1 day	EHI00467	SD0077801	ERS21966519
ACH20	Faecal	Trap	< 3 hours	< 1 day	EHI01484	SD0170401	ERS22456184
ABJ59	Faecal	Animal	< 1 minute	< 21 days	EHI00125	SD0059501	ERS22551298
AAW16	Faecal	Other	< 6 hours	< 7 days	EHI00165	SD0017901	ERS23737868
AFK61	Faecal	NA	NA	NA	EHI00745	SD0222801	ERS23745349
AEV93	Faecal	NA	NA	NA	EHI02150	SD0230801	ERS23745231
AHG77	Faecal	Animal	< 1 minute	< 14 days	EHI02152	SD0438301	ERS23744679
ADL72	Faecal	Animal	< 1 minute	< 1 day	EHI00483	SD0075801	ERS21953910
ABB03	Anal/cloacal swab	Animal	< 1 minute	< 1 day	EHI00167	SD0031601	ERS22557291
AAW32	Faecal	Other	< 10 minutes	< 1 day	EHI00136, EHI01246	SD0019001	ERS23737853
AGD09	Faecal	Ground	< 30 minutes	< 14 days	EHI01332	SD0313101	ERS23744634
ABH60	Faecal	Animal	< 1 minute	< 1 day	EHI00196	SD0100801	ERS23737832
AIQ82	Faecal	Housing	NA	< 3 days	EHI01993	SD0420702	ERS23744560
AAW10	Faecal	Animal	< 10 minutes	< 3 days	EHI00145	SD0017301	ERS23737864
AEM07	Faecal	Trap	< 3 hours	< 1 day	EHI01528	SD0170803	ERS22455913
AGO82	Faecal	Trap	< 1 hour	< 1 day	EHI01448	SD0346501	ERS22455878
AFM85	Faecal	NA	NA	NA	EHI00720	SD0227801	ERS23744622
ABB91	Faecal	Trap	< 3 hours	< 1 day	EHI01728	SD0039201	ERS22456201
ADK23	Oral swab	Animal	< 1 minute	< 1 day	EHI00519	SD0087301	ERS21951340
AJP41	Faecal	Housing	NA	< 1 day	EHI02602	SD0385101	ERS22453896
AJP63	Faecal	Housing	NA	< 1 day	EHI02639	SD0384101	ERS22453904
ADK18	Oral swab	Animal	< 1 minute	< 1 day	EHI00325	SD0087001	ERS22551241
AFK88	Faecal	NA	NA	NA	EHI00705	SD0223701	ERS23745681
AHD25	Faecal	Animal	< 1 minute	< 14 days	EHI02213	SD0436101	ERS23745660
AHB77	Faecal	Animal	< 1 minute	< 14 days	EHI02202	SD0431701	ERS23745721
AJP43	Faecal	Housing	NA	< 1 day	EHI02585	SD0383101	ERS22455854
AJF34	Colon contents	Animal	< 3 hours	NA	EHI02703	SD0454301	ERS23744584
ADL26	Faecal	Animal	< 1 minute	< 1 day	EHI00488	SD0077501	ERS22455177
ABA65	Faecal	Trap	< 3 hours	< 1 day	EHI00231	SD0029101	ERS22557225
AFL05	Faecal	NA	NA	NA	EHI00746	SD0223301	ERS23745666
AGD21	Faecal	Ground	< 30 minutes	< 14 days	EHI01313	SD0311901	ERS23744683
AHB67	Faecal	Animal	< 1 minute	< 14 days	EHI02159	SD0431001	ERS23744638
AAV31	Faecal	Trap	< 3 hours	< 1 day	EHI01502	SD0036302	ERS22456010
AIR90	Colon contents	Animal	< 3 hours	NA	EHI02729	SD0453701	ERS23744555
ADV92	Faecal	Trap	< 3 hours	< 1 day	EHI01504	SD0170902	ERS22456169
AGD34	Faecal	Ground	< 30 minutes	< 14 days	EHI01295	SD0310701	ERS23744609
AJP60	Faecal	Housing	NA	< 1 day	EHI02630	SD0384301	ERS22453895
AAW13	Faecal	Other	< 10 minutes	< 7 days	EHI00071, EHI01236	SD0017601	ERS23737845
AGD12	Faecal	Ground	< 30 minutes	< 14 days	EHI01282	SD0312801	ERS20510478
AFU63	Faecal	Animal	< 6 hours	< 1 day	EHI00772	SD0263601	ERS22905157
ADJ44	Faecal	Animal	< 1 minute	< 1 day	EHI00481	SD0086701	ERS22455178
ABA27	Faecal	Trap	< 3 hours	< 1 day	EHI01472	SD0031101	ERS22455904
AAA55	Faecal	Trap	< 3 hours	< 1 day	EHI00398	SD0034101	ERS22455902
AAV53	Faecal	Trap	< 3 hours	< 1 day	EHI02002	SD0043801	ERS22455954
ADL76	Faecal	Animal	< 1 minute	< 1 day	EHI00472	SD0075601	ERS21962779
ABI58	Faecal	Animal	< 1 minute	< 14 days	EHI00091	SD0065601	ERS22551329
AFM63	Faecal	NA	NA	NA	EHI00750	SD0226601	ERS23745683
AAP90	Faecal	Trap	< 1 hour	< 1 day	EHI01612	SD0343801	ERS22557306
ABM38	Faecal	Animal	< 1 minute	< 1 day	EHI02146	SD0105001	ERS23737858
AAB12	Faecal	Trap	< 3 hours	< 1 day	EHI00377	SD0042001	ERS22456150
ABA13	Faecal	Trap	< 3 hours	< 1 day	EHI02254	SD0033001	ERS22455923
ADJ27	Faecal	Animal	< 1 minute	< 1 day	EHI00480	SD0082501	ERS21955280
AIR16	Colon contents	Animal	< 3 hours	NA	EHI02700	SD0453801	ERS23744558
ADU75	Faecal	Trap	< 3 hours	< 1 day	EHI00391	SD0172601	ERS22456005
AGC50	Faecal	Ground	< 30 minutes	< 14 days	EHI01319	SD0323001	ERS23744678
AAU91	Faecal	Trap	< 3 hours	< 1 day	EHI00169	SD0034202	ERS22557301
AAW18	Faecal	Animal	< 10 minutes	< 3 days	EHI00109	SD0018101	ERS23737871
AIQ52	Faecal	Housing	NA	< 14 days	EHI01974	SD0420401	ERS23744559
ADV82	Faecal	Trap	< 3 hours	< 1 day	EHI00413	SD0176802	ERS22455851
ABB09	Faecal	Trap	< 3 hours	< 1 day	EHI01473	SD0035802	ERS22456162
AAW68	Faecal	Other	< 10 minutes	< 7 days	EHI01546	SD0323201	ERS21098322
ABC31	Faecal	Trap	< 3 hours	< 1 day	EHI00374	SD0030601	ERS22456021
AGZ59	Faecal	Animal	< 1 minute	< 1 day	EHI02142, EHI02103, EHI02099	SD0320001	ERS23639731
AIS12	Colon contents	Animal	< 3 hours	NA	EHI02722	SD0453401	ERS23744562
ACH42	Faecal	Trap	< 3 hours	< 1 day	EHI02023	SD0191401	ERS22455893
AEL13	Faecal	Trap	< 3 hours	< 1 day	EHI01522	SD0043003	ERS22556566
AFM87	Faecal	NA	NA	NA	EHI00721	SD0227901	ERS23745682
ADM62	Oral swab	Animal	< 1 minute	< 1 day	EHI00351	SD0080101	ERS22546610
AEX61	Faecal	NA	NA	NA	EHI00693	SD0233201	ERS23745333
ABM11	Faecal	Animal	< 1 minute	< 21 days	EHI00106	SD0053201	ERS22551286
ABK88	Faecal	Animal	< 1 minute	< 21 days	EHI00081	SD0053901	ERS22551348
AAA86	Faecal	Trap	< 3 hours	< 1 day	EHI01461	SD0029801	ERS22455885
AAW27	Faecal	Other	< 6 hours	< 3 days	EHI00123	SD0018801	ERS23737860
ABL33	Faecal	Animal	< 1 minute	< 21 days	EHI00129	SD0056101	ERS22551320
AGP61	Faecal	Other	< 1 hour	< 1 day	EHI02599	SD0451601	ERS22455931
ADI93	Faecal	Animal	< 1 minute	< 1 day	EHI00433	SD0082801	ERS21964205
AAW73	Faecal	Other	< 10 minutes	< 7 days	EHI01538	SD0324401	ERS21098354
ABB41	Faecal	Trap	< 3 hours	< 1 day	EHI01803	SD0034304	ERS22455982
AHC27	Faecal	Animal	< 1 minute	< 14 days	EHI02286	SD0432601	ERS23745718
ABB05	Faecal	Trap	< 3 hours	< 1 day	EHI00142	SD0031601	ERS22557288
ADJ06	Faecal	Animal	< 1 minute	< 1 day	EHI00456	SD0084301	ERS21952985
AHB49	Faecal	Animal	< 1 minute	< 14 days	EHI02212	SD0435801	ERS23745335
ABL39	Faecal	Animal	< 1 minute	< 21 days	EHI00070	SD0056401	ERS22551322
ACG85	Faecal	Trap	< 3 hours	< 1 day	EHI01550	SD0042003	ERS22456173
AFM25	Faecal	NA	NA	NA	EHI00748	SD0225001	ERS23744655
AGD07	Faecal	Ground	< 30 minutes	< 14 days	EHI01283	SD0313301	ERS20511703
ABC29	Faecal	Trap	< 3 hours	< 1 day	EHI02039	SD0030501	ERS22455890
ABA17	Faecal	Trap	< 3 hours	< 1 day	EHI01517	SD0040101	ERS22455920
AGD37	Faecal	Ground	< 30 minutes	< 14 days	EHI01310	SD0310501	ERS23744630
AIQ58	Faecal	Housing	NA	< 14 days	EHI01975	SD0421001	ERS23744598
AIQ57	Faecal	Housing	NA	< 14 days	EHI01987	SD0420901	ERS23744591
AAP03	Faecal	Trap	< 1 hour	< 1 day	EHI01585	SD0346901	ERS22455888
ABJ53	Faecal	Animal	< 1 minute	< 21 days	EHI00130	SD0059201	ERS22551342
ADM21	Faecal	Animal	< 1 minute	< 1 day	EHI00435	SD0081001	ERS22455171
AAW65	Faecal	Other	< 10 minutes	< 7 days	EHI01548	SD0323301	ERS21098341
ADL22	Faecal	Animal	< 1 minute	< 1 day	EHI00428	SD0078801	ERS21964017
ADK21	Oral swab	Animal	< 1 minute	< 1 day	EHI00354	SD0087201	ERS22549868
ABC23	Faecal	Trap	< 3 hours	< 1 day	EHI02028	SD0032001	ERS22455891
AAW51	Faecal	Other	< 10 minutes	< 7 days	EHI01536	SD0324801	ERS21098326
AAW84	Faecal	Other	< 10 minutes	< 7 days	EHI01588	SD0326201	ERS21098346
ABJ79	Faecal	Animal	< 1 minute	< 21 days	EHI00176	SD0060501	ERS22551316
AFM33	Faecal	NA	NA	NA	EHI00737	SD0225401	ERS23745327
ABI27	Faecal	Animal	< 1 minute	< 1 day	EHI02145	SD0104101	ERS23737850
AEX06	Faecal	NA	NA	NA	EHI00677	SD0231701	ERS23745687
ABL45	Faecal	Animal	< 1 minute	< 21 days	EHI00077	SD0056701	ERS22551358
ACG15	Faecal	Trap	< 3 hours	< 1 day	EHI02290	SD0168201	ERS22455967
AHE10	Faecal	Animal	< 1 minute	< 14 days	EHI02195	SD0437701	ERS23745350
ACG53	Faecal	Trap	< 3 hours	< 1 day	EHI01558	SD0043002	ERS22456205
AGO38	Faecal	Other	< 3 hours	< 1 day	EHI02586	SD0449501	ERS22557293
AAB38	Faecal	Trap	< 3 hours	< 1 day	EHI01459	SD0042101	ERS22456020
AEM43	Faecal	Trap	< 3 hours	< 1 day	EHI02304	SD0176502	ERS22556552
AAP48	Anal/cloacal swab	Animal	< 1 minute	< 1 day	EHI01446	SD0342001	ERS22557271
AAP81	Faecal	Trap	< 1 hour	< 1 day	EHI01625	SD0343501	ERS22455874
AGD18	Faecal	Ground	< 30 minutes	< 14 days	EHI01321	SD0312201	ERS23744680
AEM35	Faecal	Trap	< 3 hours	< 1 day	EHI02256	SD0177702	ERS22456039
ABK69	Faecal	Animal	< 1 minute	< 14 days	EHI00117	SD0064201	ERS22551277
ABJ51	Faecal	Animal	< 1 minute	< 21 days	EHI00098	SD0059101	ERS22551305
ACG52	Faecal	Trap	< 3 hours	< 1 day	EHI01511	SD0041602	ERS22456203
ABK18	Faecal	Animal	< 1 minute	< 14 days	EHI00075	SD0061901	ERS22551312
ADV34	Faecal	Trap	< 3 hours	< 1 day	EHI00400	SD0172501	ERS22455995
AAO82	Faecal	Trap	< 1 hour	< 1 day	EHI01610	SD0347001	ERS22557403
ABQ54	Faecal	NA	NA	NA	EHI02206	SD0236901	ERS23745328
AAW41	Faecal	Other	< 10 minutes	< 7 days	EHI01586	SD0323501	ERS21098334
ABK57	Faecal	Animal	< 3 hours	< 14 days	EHI00005	SD0063601	ERS22551351
ADW11	Faecal	Trap	< 3 hours	< 1 day	EHI01524	SD0041603	ERS22455991
ABK73	Faecal	Animal	< 1 minute	< 14 days	EHI00101	SD0064401	ERS22551269
AEL38	Faecal	Trap	< 3 hours	< 1 day	EHI02017	SD0177901	ERS22456194
AGP08	Faecal	Other	< 3 hours	< 1 day	EHI02622	SD0452601	ERS22455981
AKD86	Skin swab: dorsal	Animal	< 1 minute	< 1 day	EHI02697	SD0384801	ERS22546194
AGO25	Faecal	Other	< 30 minutes	< 1 day	EHI02583	SD0448301	ERS22455927
ABL51	Faecal	Animal	< 1 minute	< 21 days	EHI00074	SD0057001	ERS22551272
AEM09	Faecal	Trap	< 3 hours	< 1 day	EHI02240	SD0175302	ERS22455867
AEV89	Faecal	NA	NA	NA	EHI02279	SD0230601	ERS23744614
AHB59	Faecal	Animal	< 1 minute	< 14 days	EHI02158	SD0433201	ERS23745651
AJP53	Faecal	Housing	NA	< 1 day	EHI02584	SD0384601	ERS22455853
ABE10	Faecal	Housing	< 6 hours	< 1 day	EHI02101, EHI02116, EHI02110	SD0148401	ERS23734938
AAW76	Faecal	Other	< 10 minutes	< 7 days	EHI01489	SD0324301	ERS21098350
AGP16	Faecal	Other	< 3 hours	< 1 day	EHI02637	SD0452301	ERS22456004
AGC51	Faecal	Ground	< 30 minutes	< 14 days	EHI01290	SD0323101	ERS23744656
AEX36	Faecal	NA	NA	NA	EHI00685	SD0231901	ERS23745698
AHB36	Faecal	Animal	< 1 minute	< 14 days	EHI02154	SD0430901	ERS23745678
ABC38	Faecal	Trap	< 3 hours	< 1 day	EHI02277	SD0042601	ERS22455932
ABK41	Faecal	Animal	< 1 minute	< 14 days	EHI00137	SD0063001	ERS22551311
AHB65	Faecal	Animal	< 1 minute	< 14 days	EHI02209	SD0430101	ERS23745334
AFV14	Faecal	Animal	< 1 minute	< 1 day	EHI01838	SD0379501	ERS22905054
AAZ76	Faecal	Trap	< 3 hours	< 1 day	EHI01735	SD0028701	ERS22556562
ADL59	Faecal	Animal	< 1 minute	< 1 day	EHI00465	SD0074601	ERS21953119
ABR12	Faecal	NA	NA	NA	EHI02148	SD0238901	ERS23745211
AEL44	Faecal	Trap	< 3 hours	< 1 day	EHI00392	SD0031703	ERS22456037
AFM60	Faecal	NA	NA	NA	EHI00717	SD0226501	ERS23745691
AEY31	Faecal	NA	NA	NA	EHI02208	SD0236801	ERS23745222
AJP47	Faecal	Housing	< 3 hours	< 1 day	EHI01967	SD0384001	ERS22455856
ADW20	Faecal	Trap	< 3 hours	< 1 day	EHI00376	SD0042602	ERS22456176
AFM39	Faecal	NA	NA	NA	EHI00749	SD0225601	ERS23745218
AAA48	Anal/cloacal swab	Animal	< 1 minute	< 1 day	EHI00302	SD0035601	ERS22557276
AGP53	Faecal	Other	< 1 hour	< 1 day	EHI02608	SD0451201	ERS22455936
AEM30	Faecal	Trap	< 3 hours	< 1 day	EHI02021	SD0177802	ERS22556550
ABK67	Faecal	Animal	< 1 minute	< 14 days	EHI00105	SD0064101	ERS22551324
AGD15	Faecal	Ground	< 30 minutes	< 14 days	EHI01294	SD0312501	ERS23744612
ABC11	Faecal	Trap	< 3 hours	< 1 day	EHI01485	SD0045302	ERS22455880
AEV79	Faecal	NA	NA	NA	EHI00675	SD0229201	ERS23745187
ABI23	Faecal	Animal	< 1 minute	< 1 day	EHI02144	SD0103901	ERS23737861
ADL98	Faecal	Animal	< 1 minute	< 1 day	EHI00473	SD0074501	ERS21966515
AAB17	Faecal	Trap	< 3 hours	< 1 day	EHI02253	SD0040302	ERS22455898
AAU73	Faecal	Trap	< 3 hours	< 1 day	EHI01739	SD0046801	ERS22456191
ABB27	Faecal	Trap	< 3 hours	< 1 day	EHI01479	SD0034103	ERS22455879
ADJ92	Oral swab	Animal	< 1 minute	< 1 day	EHI00659	SD0088701	ERS22455170
AGC34	Faecal	Ground	< 30 minutes	< 14 days	EHI01385	SD0315201	ERS23744693
AFM35	Faecal	NA	NA	NA	EHI00712	SD0226101	ERS23745336
AIR29	Colon contents	Animal	< 1 hour	NA	EHI02708	SD0453301	ERS23744599
AIS11	Colon contents	Animal	< 3 hours	NA	EHI02718	SD0453101	ERS23744586
AGB79	Faecal	Ground	< 30 minutes	< 14 days	EHI01300	SD0317401	ERS23744695
ADU72	Faecal	Trap	< 3 hours	< 1 day	EHI00383	SD0170402	ERS22456160
AEX38	Faecal	NA	NA	NA	EHI00686	SD0232001	ERS23744616
AIQ81	Faecal	Housing	NA	< 3 days	EHI01977	SD0420602	ERS23744539
AGO21	Faecal	Other	< 30 minutes	< 1 day	EHI02623	SD0448701	ERS22557404
AFV15	Faecal	Animal	< 1 minute	< 1 day	EHI01857	SD0379601	ERS22905072
AIR92	Colon contents	Animal	< 3 hours	NA	EHI02728	SD0453601	ERS23744574
AGC32	Faecal	Ground	< 30 minutes	< 14 days	EHI01289	SD0315301	ERS23744619
ADJ97	Faecal	Animal	< 1 minute	< 1 day	EHI00438	SD0088301	ERS21963817
ADK10	Oral swab	Animal	< 1 minute	< 1 day	EHI00589	SD0087901	ERS21954743
AGO35	Faecal	Other	< 3 hours	< 1 day	EHI02638	SD0450001	ERS22557274
AAW86	Faecal	Other	< 10 minutes	< 7 days	EHI01541	SD0325001	ERS21098338
AFU67	Faecal	Animal	< 6 hours	< 1 day	EHI00762	SD0263701	ERS22905069
AAP01	Faecal	Trap	< 1 hour	< 1 day	EHI01451	SD0346801	ERS22557273
AAW12	Faecal	Other	< 10 minutes	< 3 days	EHI00087, EHI01240	SD0017501	ERS23737855
AGD28	Faecal	Ground	< 30 minutes	< 14 days	EHI01327	SD0311201	ERS23744659
AGP25	Faecal	Other	< 1 hour	< 1 day	EHI02595	SD0451401	ERS22557400
AGB78	Faecal	Ground	< 30 minutes	< 14 days	EHI01280	SD0315101	ERS20445928
AGO98	Faecal	Other	< 3 hours	< 1 day	EHI02577	SD0452701	ERS22455875
ABL31	Faecal	Animal	< 1 minute	< 21 days	EHI00104	SD0056001	ERS22551352
AIR19	Colon contents	Animal	< 3 hours	NA	EHI02714	SD0453901	ERS23744554
AEX21	Faecal	NA	NA	NA	EHI00683	SD0231201	ERS23745719
AFM47	Faecal	NA	NA	NA	EHI00714	SD0226001	ERS23745649
AHC94	Faecal	Animal	< 1 minute	< 14 days	EHI02224	SD0435301	ERS23745355
ACG72	Faecal	Trap	< 3 hours	< 1 day	EHI01466	SD0042802	ERS22455843
ACH28	Faecal	Trap	< 3 hours	< 1 day	EHI01496	SD0032502	ERS22456192
AAZ50	Faecal	Trap	< 3 hours	< 1 day	EHI02297	SD0046001	ERS22456163
ABB88	Faecal	Trap	< 3 hours	< 1 day	EHI02276	SD0032301	ERS22455984
AEL51	Faecal	Trap	< 3 hours	< 1 day	EHI00399	SD0029602	ERS22455998
ABL86	Faecal	Animal	< 1 minute	< 21 days	EHI00095	SD0051901	ERS22551349
AIQ76	Faecal	Housing	NA	< 3 days	EHI01965	SD0420102	ERS23744590
ACG25	Faecal	Trap	< 3 hours	< 1 day	EHI02291	SD0169001	ERS22455989
ADK30	Faecal	Animal	< 1 minute	< 1 day	EHI00536	SD0086901	ERS22455183
ABC33	Faecal	Trap	< 3 hours	< 1 day	EHI02037	SD0031801	ERS22556554
ADK20	Faecal	Animal	< 1 minute	< 1 day	EHI00506	SD0087201	ERS22455169
AAB06	Faecal	Trap	< 3 hours	< 1 day	EHI01492	SD0038501	ERS22456018
AHC90	Faecal	Animal	< 1 minute	< 14 days	EHI02180	SD0434701	ERS23745652
ABK46	Faecal	Animal	< 1 minute	< 14 days	EHI00097	SD0063201	ERS22551303
AGP34	Faecal	Other	< 1 hour	< 1 day	EHI02613	SD0452001	ERS22455993
ABJ55	Faecal	Animal	< 1 minute	< 21 days	EHI00134	SD0059301	ERS22551274
AAW19	Faecal	Animal	< 10 minutes	< 3 days	EHI00083, EHI01238	SD0018102	ERS23737870
AEX95	Faecal	NA	NA	NA	EHI00699	SD0235601	ERS23745209
ABL27	Faecal	Animal	< 1 minute	< 21 days	EHI00108	SD0055801	ERS22551328
AAW17	Faecal	Other	< 10 minutes	< 7 days	EHI00132, EHI01245	SD0018001	ERS23737867
AAW69	Faecal	Other	< 10 minutes	< 7 days	EHI01537	SD0323401	ERS21098344
AHB47	Faecal	Animal	< 1 minute	< 14 days	EHI02283	SD0432301	ERS23745686
AFU70	Faecal	Animal	< 6 hours	< 1 day	EHI00767	SD0264501	ERS22905058
AHB84	Faecal	Animal	< 1 minute	< 14 days	EHI02281	SD0430301	ERS23744649
AAA64	Anal/cloacal swab	Animal	< 1 minute	< 1 day	EHI00242	SD0036601	ERS22557240
ABK03	Faecal	Animal	< 1 minute	< 14 days	EHI00111	SD0061201	ERS22551301
AJP49	Faecal	Housing	< 3 hours	< 1 day	EHI01970	SD0385001	ERS22453891
ADV69	Faecal	Trap	< 3 hours	< 1 day	EHI00367	SD0169102	ERS22456181
ADL90	Faecal	Animal	< 1 minute	< 1 day	EHI00451	SD0074901	ERS21952118
AFU65	Faecal	Animal	< 1 minute	< 1 day	EHI00763	SD0263801	ERS22904994
AFV18	Faecal	Animal	< 1 minute	< 1 day	EHI02094, EHI02083, EHI02071	SD0379901	ERS23745177
ACH13	Faecal	Trap	< 3 hours	< 1 day	EHI01458	SD0029703	ERS22456217
ACG94	Faecal	Trap	< 3 hours	< 1 day	EHI02015	SD0171201	ERS22455884
AAX65	Faecal	Other	< 10 minutes	< 7 days	EHI01560	SD0325701	ERS21098328
ABB81	Faecal	Trap	< 3 hours	< 1 day	EHI02004	SD0029902	ERS22456022
ADV74	Faecal	Trap	< 3 hours	< 1 day	EHI00363	SD0175201	ERS22456206
ABJ75	Faecal	Animal	< 1 minute	< 21 days	EHI00103	SD0060301	ERS22551336
AGC33	Faecal	Ground	< 30 minutes	< 14 days	EHI01305	SD0314601	ERS23744674
AGP42	Faecal	Other	< 1 hour	< 1 day	EHI02635	SD0451101	ERS22557260
AEX92	Faecal	NA	NA	NA	EHI00698	SD0234901	ERS23745346
AFL06	Faecal	NA	NA	NA	EHI00747	SD0224501	ERS23744628
AJP69	Faecal	Housing	< 3 hours	< 1 day	EHI01992	SD0383601	ERS22453889
ABM42	Faecal	Animal	< 1 minute	< 1 day	EHI02190	SD0105201	ERS22904992
AEX11	Faecal	NA	NA	NA	EHI00680	SD0231601	ERS23745690
AAV68	Faecal	Trap	< 3 hours	< 1 day	EHI02005	SD0040601	ERS22556555
AEX32	Faecal	NA	NA	NA	EHI00684	SD0231801	ERS23745193
AKD77	Skin swab: ventral	Animal	< 1 minute	< 1 day	EHI02695	SD0385901	ERS22546111
ABQ40	Faecal	NA	NA	NA	EHI00725	SD0237201	ERS23744676
AJP55	Faecal	Housing	< 3 hours	< 1 day	EHI01985	SD0383401	ERS22455857
ADM46	Oral swab	Animal	< 1 minute	< 1 day	EHI00355	SD0081901	ERS22549870
AFU69	Faecal	Animal	< 6 hours	< 1 day	EHI00766	SD0264301	ERS22905075
AGD40	Faecal	Ground	< 30 minutes	< 14 days	EHI01322	SD0310201	ERS23744607
ABH56	Faecal	Animal	< 1 minute	< 1 day	EHI00287	SD0100601	ERS23737833
AEM45	Faecal	Trap	< 3 hours	< 1 day	EHI02301	SD0176803	ERS22456008
AJP38	Faecal	Housing	< 3 hours	< 1 day	EHI01995	SD0383501	ERS22453892
AGP63	Faecal	Other	< 30 minutes	< 1 day	EHI02604	SD0453001	ERS22455930
AHC02	Faecal	Animal	< 1 minute	< 14 days	EHI02167	SD0431501	ERS23745679
AGP35	Faecal	Other	< 30 minutes	< 1 day	EHI02636	SD0452401	ERS22557245
AFM77	Faecal	NA	NA	NA	EHI00719	SD0227401	ERS23744658
AAV11	Faecal	Trap	< 3 hours	< 1 day	EHI01827	SD0036002	NA
AIQ54	Faecal	Housing	NA	< 14 days	EHI01986	SD0420601	ERS23744579
AAV49	Faecal	Trap	< 3 hours	< 1 day	EHI01554	SD0045301	ERS22556544
AAA81	Faecal	Trap	< 3 hours	< 1 day	EHI01751	SD0045101	ERS22455948
ABC47	Faecal	Trap	< 3 hours	< 1 day	EHI02278	SD0039501	NA
AHB66	Faecal	Animal	< 1 minute	< 14 days	EHI02193	SD0430501	ERS23744645
AAA01	Anal/cloacal swab	Animal	< 1 minute	< 1 day	EHI01727	SD0035201	ERS22456149
ABK86	Faecal	Animal	< 1 minute	< 21 days	EHI00100	SD0053801	ERS22551270
AAO96	Faecal	Trap	< 1 hour	< 1 day	EHI01447	SD0343101	ERS22455863
AGO40	Faecal	Other	< 3 hours	< 1 day	EHI02574	SD0448501	ERS22455940
AJF96	Colon contents	Animal	< 3 hours	NA	EHI02751	SD0454301	ERS23744563
ACG11	Faecal	Trap	< 3 hours	< 1 day	EHI02238	SD0168101	ERS22455883
AJP44	Faecal	Housing	NA	< 1 day	EHI02633	SD0383801	ERS22455850
AEX17	Faecal	NA	NA	NA	EHI02192	SD0231101	ERS23745189
AHC42	Faecal	Animal	< 1 minute	< 14 days	EHI02170	SD0433801	ERS23745709
AGO12	Faecal	Other	< 30 minutes	< 1 day	EHI02593	SD0449801	ERS22455983
AGD02	Faecal	Ground	< 30 minutes	< 14 days	EHI01316	SD0313901	ERS23744618
AGD39	Faecal	Ground	< 30 minutes	< 14 days	EHI01288	SD0310301	ERS23744689
AAO97	Faecal	Trap	< 1 hour	< 1 day	EHI01442	SD0343001	ERS22455862
AAA92	Anal/cloacal swab	Animal	< 1 minute	< 1 day	EHI00247	SD0035801	ERS22557254
ADL63	Faecal	Animal	< 1 minute	< 1 day	EHI00518	SD0074801	ERS22455175
AGP60	Faecal	Other	< 3 hours	< 1 day	EHI02628	SD0451001	ERS22455959
AGI59	Faecal	Housing	< 10 minutes	< 1 day	EHI02124, EHI02133, EHI02121	SD0370601	ERS23745178
AJP58	Faecal	Housing	< 3 hours	< 1 day	EHI01968	SD0384501	ERS22453902
ABQ42	Faecal	NA	NA	NA	EHI00668	SD0237801	ERS23745347
AHE86	Faecal	Animal	< 1 minute	< 14 days	EHI02307, EHI02389	SD0438201	ERS23745655
AHB57	Faecal	Animal	< 1 minute	< 14 days	EHI02157	SD0431901	ERS23745688
AEU32	Faecal	Trap	< 3 hours	< 1 day	EHI02031	SD0031203	ERS22455975
AEX72	Faecal	NA	NA	NA	EHI00732	SD0233901	ERS23745670
AAW48	Faecal	Other	< 10 minutes	< 7 days	EHI01576	SD0324701	ERS21098339
AAV06	Faecal	Trap	< 3 hours	< 1 day	EHI01465	SD0034303	ERS22456213
AEM52	Faecal	Trap	< 3 hours	< 1 day	EHI02014	SD0039602	ERS22455956
AGO05	Faecal	Other	< 1 hour	< 1 day	EHI02631	SD0448201	ERS22455947
AJP65	Faecal	Housing	NA	< 1 day	EHI02625	SD0383901	ERS22453886
AFU79	Faecal	Animal	< 6 hours	< 1 day	EHI00771	SD0266201	ERS22904989
AAP17	Faecal	Trap	< 1 hour	< 1 day	EHI01436	SD0345601	ERS22455972
AAX43	Faecal	Other	< 10 minutes	< 7 days	EHI01566	SD0326101	ERS21098327
AGP51	Faecal	Other	< 3 hours	< 1 day	EHI02611	SD0451301	ERS22455915
ABK12	Faecal	Animal	< 1 minute	< 14 days	EHI00072	SD0061601	ERS22551297
AGI58	Faecal	Housing	< 10 minutes	< 1 day	EHI02125, EHI02137, EHI02122	SD0370501	ERS23745174
ABK96	Faecal	Animal	< 1 minute	< 21 days	EHI00131	SD0054301	ERS22551347
AEL29	Faecal	Trap	< 3 hours	< 1 day	EHI02035	SD0177801	ERS22456171
ABK44	Faecal	Animal	< 1 hour	< 14 days	EHI00116	SD0063101	ERS22551283
ABK71	Faecal	Animal	< 1 minute	< 14 days	EHI00088	SD0064301	ERS22551323
ABK09	Tissue	Animal	< 1 minute	< 14 days	EHI00001, EHI00004	SD0061401	ERS22551337
ABB18	Faecal	Trap	< 3 hours	< 1 day	EHI02270	SD0032901	ERS22556561
AAA66	Faecal	Trap	< 3 hours	< 1 day	EHI01526	SD0036301	ERS22455903
AEM28	Faecal	Trap	< 3 hours	< 1 day	EHI02242	SD0177602	ERS22456187
AEX14	Faecal	NA	NA	NA	EHI00682	SD0229901	ERS23745195
AHB81	Faecal	Animal	< 1 minute	< 14 days	EHI02165	SD0435701	ERS23745217
AIR89	Colon contents	Animal	< 3 hours	NA	EHI02707	SD0453701	ERS23744577
AAW31	Faecal	Other	< 10 minutes	< 1 day	EHI00082, EHI01237	SD0018901	ERS23737846
AAX61	Faecal	Other	< 10 minutes	< 7 days	EHI01567	SD0325801	ERS21098347
ADW18	Faecal	Trap	< 3 hours	< 1 day	EHI00380	SD0175901	ERS22455859
AFM98	Faecal	NA	NA	NA	EHI00724	SD0228301	ERS23745339
AEL81	Faecal	Trap	< 3 hours	< 1 day	EHI00405	SD0179101	ERS22456040
ABL72	Faecal	Animal	< 1 minute	< 21 days	EHI00179	SD0051201	ERS22551332
AAP46	Faecal	Trap	NA	< 1 day	EHI01443	SD0342001	ERS22557409
AEL24	Faecal	Trap	< 3 hours	< 1 day	EHI00361	SD0177701	ERS22456152
AEL64	Faecal	Trap	< 3 hours	< 1 day	EHI00406	SD0178701	ERS22456188
AAW40	Faecal	Other	< 10 minutes	< 7 days	EHI01542	SD0324201	ERS21098324
AEX63	Faecal	NA	NA	NA	EHI00694	SD0233301	ERS23745685
AAP37	Faecal	Trap	NA	< 1 day	EHI01450	SD0342301	ERS22455974
ABA30	Faecal	Trap	< 3 hours	< 1 day	EHI01481	SD0036003	ERS22456047
AGO09	Faecal	Other	< 30 minutes	< 1 day	EHI02609	SD0449001	ERS22455929
ABC54	Faecal	Trap	< 3 hours	< 1 day	EHI02271	SD0039801	ERS22455921
AHG84	Faecal	Animal	< 1 minute	< 14 days	EHI02153	SD0438801	ERS23745208
AHB71	Faecal	Animal	< 1 minute	< 14 days	EHI02160	SD0431301	ERS23745342
AEL40	Faecal	Trap	< 3 hours	< 1 day	EHI00416	SD0031002	ERS22455852
AEL09	Faecal	Trap	< 3 hours	< 1 day	EHI00375	SD0039402	ERS22456198
AGO97	Faecal	Other	< 3 hours	< 1 day	EHI02591	SD0452101	ERS22557272
AKD80	Skin swab: dorsal	Animal	< 1 minute	< 1 day	EHI02694	SD0385601	ERS22546059
AAA80	Faecal	Trap	< 3 hours	< 1 day	EHI01557	SD0034001	ERS22456007
AHC22	Faecal	Animal	< 1 minute	< 14 days	EHI02285	SD0432501	ERS23745703
AJP68	Faecal	Housing	NA	< 1 day	EHI02617	SD0385801	ERS22453899
AAU87	Faecal	Trap	< 3 hours	< 1 day	EHI01491	SD0034002	ERS22456006
AAU58	Faecal	Trap	< 3 hours	< 1 day	EHI01742	SD0044501	ERS22556570
ABC03	Faecal	Trap	< 3 hours	< 1 day	EHI01559	SD0045602	ERS22456028
AAV76	Faecal	Trap	< 3 hours	< 1 day	EHI01478	SD0038503	ERS22556692
AHE88	Faecal	Animal	< 1 minute	< 14 days	EHI02216	SD0438101	ERS23745653
AHB63	Faecal	Animal	< 1 minute	< 14 days	EHI02223	SD0431201	ERS23745357
ABI46	Faecal	Animal	< 1 minute	< 14 days	EHI00002	SD0065001	ERS22551356
AEL21	Faecal	Trap	< 3 hours	< 1 day	EHI00371	SD0177601	ERS22456030
AFU64	Faecal	Animal	< 6 hours	< 1 day	EHI00761	SD0263501	ERS22905073
ADL70	Faecal	Animal	< 1 minute	< 1 day	EHI00567	SD0076201	ERS21963831
AHC59	Faecal	Animal	< 1 minute	< 14 days	EHI02174	SD0433701	ERS23745665
AHC14	Faecal	Animal	< 1 minute	< 14 days	EHI02219	SD0431601	ERS23745661
AIR17	Colon contents	Animal	< 3 hours	NA	EHI02724	SD0453801	ERS23744594
ABG09	Faecal	NA	NA	NA	EHI00666	SD0239701	ERS23744615
AAA04	Anal/cloacal swab	Animal	< 1 minute	< 1 day	EHI01755	SD0034501	ERS22455908
ADM42	Faecal	Animal	< 1 minute	< 1 day	EHI00484	SD0080101	ERS22455159
AGD24	Faecal	Ground	< 30 minutes	< 14 days	EHI01298	SD0311601	ERS23744667
ADV29	Faecal	Trap	< 3 hours	< 1 day	EHI00420	SD0032503	ERS22456012
AHE84	Faecal	Animal	< 1 minute	< 14 days	EHI02198	SD0438501	ERS23745723
AGD20	Faecal	Ground	< 30 minutes	< 14 days	EHI01297	SD0312001	ERS23744646
ADL74	Faecal	Animal	< 1 minute	< 1 day	EHI00512	SD0075701	ERS22455184
ABR29	Faecal	NA	NA	NA	EHI00729	SD0239601	ERS23745354
AIQ60	Faecal	Housing	NA	< 14 days	EHI01973	SD0421201	ERS23744587
AFO83	Faecal	Animal	< 1 minute	< 1 day	EHI02069, EHI02126, EHI02093	SD0249101	ERS23744626
AGC96	Faecal	Ground	< 30 minutes	< 14 days	EHI01296	SD0314301	ERS23744604
AAW26	Faecal	Other	< 6 hours	< 7 days	EHI00096, EHI01242	SD0018701	ERS23737857
AAW21	Faecal	Animal	< 10 minutes	< 3 days	EHI00094, EHI01241	SD0018401	ERS23737851
ADM31	Faecal	Animal	< 1 minute	< 1 day	EHI00490	SD0081701	ERS21955399
AIQ80	Faecal	Housing	NA	< 3 days	EHI01964	SD0420502	ERS23744581
ABA48	Faecal	Trap	< 3 hours	< 1 day	EHI01494	SD0038002	ERS22455917
AAP86	Faecal	Trap	< 1 hour	< 1 day	EHI01618	SD0341401	ERS22557402
AEL17	Faecal	Trap	< 3 hours	< 1 day	EHI02239	SD0168102	ERS22456182
AAP87	Faecal	Trap	< 1 hour	< 1 day	EHI01628	SD0341601	ERS22455969
ADI81	Faecal	Animal	< 1 minute	< 1 day	EHI00524	SD0082201	ERS22455179
AAW89	Faecal	Other	< 10 minutes	< 7 days	EHI01534	SD0325101	ERS21098342
ACG49	Faecal	Trap	< 3 hours	< 1 day	EHI02011	SD0040602	ERS22455997
AEL92	Faecal	Trap	< 3 hours	< 1 day	EHI00394	SD0046603	ERS22456197
AAW38	Faecal	Other	< 10 minutes	< 7 days	EHI01547	SD0324901	ERS21098357
AIR99	Colon contents	Animal	< 3 hours	NA	EHI02715	SD0453501	ERS23744597
AGC24	Faecal	Ground	< 30 minutes	< 14 days	EHI01320	SD0314801	ERS23744617
AFU76	Faecal	Animal	< 6 hours	< 1 day	EHI00768	SD0265001	ERS22905325
AHC85	Faecal	Animal	< 1 minute	< 14 days	EHI02178	SD0434801	ERS23745659
AAW47	Faecal	Other	< 10 minutes	< 7 days	EHI01587	SD0324601	ERS21098336
AEY26	Faecal	NA	NA	NA	EHI00754	SD0235801	ERS23745234
ABA80	Faecal	Trap	< 3 hours	< 1 day	EHI01513	SD0044004	ERS22456175
ABQ43	Faecal	NA	NA	NA	EHI00726	SD0238101	ERS23745194
ABL01	Faecal	Animal	< 1 minute	< 21 days	EHI00073	SD0054501	ERS22551353
AGO10	Faecal	Other	< 30 minutes	< 1 day	EHI02601	SD0448901	ERS22455979
AFV11	Faecal	Animal	< 1 minute	< 1 day	EHI01847	SD0379201	ERS22905158
ACH10	Faecal	Trap	< 3 hours	< 1 day	EHI01495	SD0038504	ERS22556553
AEU35	Faecal	Trap	< 3 hours	< 1 day	EHI02302	SD0180901	ERS22456024
AAW59	Faecal	Other	< 10 minutes	< 7 days	EHI01562	SD0326301	ERS21098355
AIQ78	Faecal	Housing	NA	< 3 days	EHI01963	SD0420302	ERS23744595
AAV99	Faecal	Trap	< 3 hours	< 1 day	EHI01518	SD0040201	ERS22456185
ADL62	Faecal	Animal	< 1 minute	< 1 day	EHI00538	SD0076301	ERS21953279
AAV34	Faecal	Trap	< 3 hours	< 1 day	EHI01463	SD0035903	ERS22456026
AHB80	Faecal	Animal	< 1 minute	< 14 days	EHI02164	SD0431401	ERS23745663
AAU92	Faecal	Trap	< 3 hours	< 1 day	EHI01503	SD0035602	ERS22456019
ABQ46	Faecal	NA	NA	NA	EHI00671	SD0238701	ERS23745646
AGP43	Faecal	Other	< 1 hour	< 1 day	EHI02610	SD0451501	ERS22455938
AAW45	Faecal	Other	< 10 minutes	< 7 days	EHI01488	SD0326001	ERS21098351
ADU68	Faecal	Trap	< 3 hours	< 1 day	EHI01997	SD0172401	ERS22455907
AAW44	Faecal	Other	< 10 minutes	< 7 days	EHI01561	SD0325901	ERS21098353
ADV95	Faecal	Trap	< 3 hours	< 1 day	EHI01525	SD0040102	ERS22456148
ADJ26	Faecal	Animal	< 1 minute	< 1 day	EHI00504	SD0086601	ERS22455182
AAB24	Faecal	Trap	< 3 hours	< 1 day	EHI01480	SD0044101	ERS22456209
AEV97	Faecal	NA	NA	NA	EHI00757	SD0230201	ERS23744662
AAV42	Faecal	Trap	< 3 hours	< 1 day	EHI01555	SD0042002	NA
ACH07	Faecal	Trap	< 3 hours	< 1 day	EHI01460	SD0040202	ERS22556569
ABR14	Faecal	NA	NA	NA	EHI00673	SD0238801	ERS23744631
AEM66	Faecal	Trap	< 3 hours	< 1 day	EHI02265	SD0175902	ERS22456179
ADV43	Faecal	Trap	< 3 hours	< 1 day	EHI00368	SD0175301	ERS22455986
AAP82	Faecal	Trap	< 1 hour	< 1 day	EHI01440	SD0343701	ERS22557292
AIV55	Faecal	Other	< 1 minute	< 1 day	EHI02111, EHI02131, EHI02107	SD0350601	ERS23639691
ADM55	Oral swab	Animal	< 1 minute	< 1 day	EHI00340	SD0080201	ERS22550819
AGB90	Faecal	Ground	< 30 minutes	< 14 days	EHI01325	SD0315901	ERS23744672
ABR25	Faecal	NA	NA	NA	EHI02149	SD0239101	ERS23744673
ABC08	Faecal	Trap	< 3 hours	< 1 day	EHI01831	SD0044603	ERS22455970
AGO23	Faecal	Other	< 3 hours	< 1 day	EHI02606	SD0448101	ERS22557261
AEX48	Faecal	NA	NA	NA	EHI00690	SD0233001	ERS23745351
ADW28	Faecal	Trap	< 3 hours	< 1 day	EHI02029	SD0191501	ERS22455999
AAZ95	Faecal	Trap	< 3 hours	< 1 day	EHI02024	SD0029901	ERS22456210
AAB35	Faecal	Trap	< 3 hours	< 1 day	EHI01746	SD0046201	ERS22456190
ADM03	Faecal	Animal	< 1 minute	< 1 day	EHI00470	SD0077901	ERS21956330
AGO06	Faecal	Other	< 30 minutes	< 1 day	EHI02620	SD0449201	ERS22557410
ABA36	Faecal	Trap	< 3 hours	< 1 day	EHI01507	SD0034603	ERS22456199
AEL61	Faecal	Trap	< 3 hours	< 1 day	EHI00393	SD0178601	ERS22455910
ADM66	Faecal	Animal	< 1 minute	< 1 day	EHI00537	SD0080901	ERS21952589
AHC92	Faecal	Animal	< 1 minute	< 14 days	EHI02181	SD0435201	ERS23744650
ABM29	Faecal	Animal	< 10 minutes	< 1 day	EHI02188	SD0105501	ERS23737852
AEY21	Faecal	NA	NA	NA	EHI00701	SD0237401	ERS23745713
AEM06	Faecal	Trap	< 3 hours	< 1 day	EHI01486	SD0172203	ERS22456156
AAB02	Faecal	Trap	< 3 hours	< 1 day	EHI00385	SD0039101	ERS22455985
AAZ89	Faecal	Trap	< 3 hours	< 1 day	EHI01743	SD0028601	ERS22456016
AEV91	Faecal	NA	NA	NA	EHI02215	SD0230701	ERS23744654
AFM23	Faecal	NA	NA	NA	EHI00711	SD0224901	ERS23745229
