specimen_id	host_species	sex	capture_id
SD01809	Sciurus vulgaris	Female	SD0180901, SD0180902
SD02344	Podarcis filfolensis	Female	SD0234401
SD00777	Podarcis muralis	Male	SD0077701
SD02372	Podarcis gaigeae	Male	SD0237201
SD03247	Psittacula echo	Unknown	SD0324701
SD03839	Calotriton asper	Male	SD0383901
SD00371	Sciurus carolinensis	Female	SD0037101, SD0037102, SD0037103
SD03163	Canis familiaris	Male	SD0316301
SD03844	Calotriton asper	Male	SD0384401
SD03470	Lissotriton helveticus	Male	SD0347001
SD02361	Podarcis gaigeae	Male	SD0236101
SD03125	Canis familiaris	Female	SD0312501
SD00748	Podarcis muralis	Male	SD0074801
SD03438	Lissotriton helveticus	Male	SD0343801
SD04207	Lepus europaeus	Unknown	SD0420701, SD0420702
SD00370	Sciurus carolinensis	Female	SD0037001, SD0037002, SD0037003
SD01050	Podarcis pityusensis	Female	SD0105001
SD03634	Chalcides striatus	Unknown	SD0363401
SD00868	Podarcis muralis	Male	SD0086801
SD03159	Canis familiaris	Male	SD0315901
SD03412	Lissotriton helveticus	Male	SD0341201
SD00539	Podarcis muralis	Male	SD0053901
SD02310	Podarcis filfolensis	Male	SD0231001
SD02362	Podarcis gaigeae	Male	SD0236201
SD04361	Podarcis milensis	Male	SD0436101
SD00286	Sciurus carolinensis	Male	SD0028601
SD00364	Sciurus carolinensis	Male	SD0036401, SD0036402
SD04477	Lissotriton helveticus	Male	SD0447701
SD00293	Sciurus carolinensis	Male	SD0029301
SD00326	Sciurus vulgaris	Female	SD0032601, SD0032602, SD0032603, SD0032604
SD00745	Podarcis muralis	Male	SD0074501
SD02373	Podarcis gaigeae	Male	SD0237301
SD00300	Sciurus carolinensis	Male	SD0030001, SD0030002
SD03151	Canis familiaris	Female	SD0315101
SD00439	Sciurus carolinensis	Female	SD0043901, SD0043902, SD0043903, SD0043904
SD00746	Podarcis muralis	Male	SD0074601
SD00809	Podarcis muralis	Male	SD0080901
SD00885	Podarcis muralis	Male	SD0088501
SD00324	Sciurus carolinensis	Female	SD0032401, SD0032402
SD02254	Podarcis muralis	Male	SD0225401
SD04517	Lissotriton helveticus	Male	SD0451701
SD04323	Podarcis gaigeae	Female	SD0432301
SD04529	Lissotriton helveticus	Male	SD0452901
SD04496	Lissotriton helveticus	Male	SD0449601
SD01795	Sciurus vulgaris	Female	SD0179501
SD04352	Podarcis milensis	Male	SD0435201
SD04508	Lissotriton helveticus	Male	SD0450801
SD00792	Podarcis muralis	Male	SD0079201
SD00297	Sciurus vulgaris	Male	SD0029701, SD0029702, SD0029703
SD01769	Sciurus vulgaris	Female	SD0176901, SD0176902
SD03415	Lissotriton helveticus	Male	SD0341501
SD02320	Podarcis filfolensis	Male	SD0232001
SD04377	Podarcis pityusensis	Male	SD0437701
SD02638	Podarcis muralis	Female	SD0263801
SD00306	Sciurus vulgaris	Male	SD0030601, SD0030602
SD04360	Podarcis milensis	Male	SD0436001
SD00803	Podarcis muralis	Male	SD0080301
SD00631	Podarcis muralis	Male	SD0063101
SD00305	Sciurus vulgaris	Male	SD0030501
SD03257	Psittacula echo	Female	SD0325701
SD03161	Canis familiaris	Male	SD0316101
SD03263	Psittacula echo	Unknown	SD0326301
SD03254	Psittacula echo	Unknown	SD0325401
SD04350	Podarcis milensis	Male	SD0435001
SD03109	Canis familiaris	Male	SD0310901
SD02339	Podarcis filfolensis	Male	SD0233901
SD00612	Podarcis muralis	Male	SD0061201
SD02261	Podarcis muralis	Male	SD0226101
SD04490	Lissotriton helveticus	Male	SD0449001
SD00436	Sciurus carolinensis	Female	SD0043601, SD0043602, SD0043603
SD02260	Podarcis muralis	Female	SD0226001
SD01693	Sciurus vulgaris	Female	SD0169301
SD01682	Sciurus carolinensis	Male	SD0168201
SD03852	Calotriton asper	Male	SD0385201
SD00540	Podarcis muralis	Male	SD0054001
SD04513	Lissotriton helveticus	Male	SD0451301
SD00843	Podarcis muralis	Male	SD0084301
SD03231	Canis familiaris	Male	SD0323101
SD00346	Sciurus carolinensis	Male	SD0034601, SD0034602, SD0034603
SD03444	Lissotriton helveticus	Male	SD0344401
SD00189	Psittacula echo	Unknown	SD0018901
SD00802	Podarcis muralis	Male	SD0080201
SD04491	Lissotriton helveticus	Male	SD0449101
SD03443	Lissotriton helveticus	Male	SD0344301
SD02396	Podarcis gaigeae	Male	SD0239601
SD00644	Podarcis muralis	Male	SD0064401
SD02270	Podarcis muralis	Male	SD0227001
SD03417	Lissotriton helveticus	Male	SD0341701
SD00173	Psittacula echo	Unknown	SD0017301
SD02341	Podarcis filfolensis	Male	SD0234101
SD00872	Podarcis muralis	Male	SD0087201
SD00635	Podarcis muralis	Male	SD0063501
SD00466	Sciurus vulgaris	Female	SD0046601, SD0046602, SD0046603
SD02652	Podarcis muralis	Female	SD0265201
SD04338	Podarcis milensis	Male	SD0433801
SD03148	Canis familiaris	Male	SD0314801
SD04341	Podarcis milensis	Male	SD0434101
SD02398	Podarcis gaigeae	Male	SD0239801
SD03859	Calotriton asper	Male	SD0385901
SD03141	Canis familiaris	Male	SD0314101
SD00593	Podarcis muralis	Male	SD0059301
SD03252	Psittacula echo	Unknown	SD0325201
SD01169	Strix aluco	Unknown	SD0116901
SD03128	Canis familiaris	Male	SD0312801
SD02644	Podarcis muralis	Male	SD0264401
SD04353	Podarcis milensis	Female	SD0435301
SD00601	Podarcis muralis	Male	SD0060101
SD01787	Sciurus carolinensis	Female	SD0178701
SD04333	Podarcis gaigeae	Female	SD0433301
SD03162	Canis familiaris	Female	SD0316201
SD03791	Podarcis liolepis	Male	SD0379101
SD01794	Sciurus vulgaris	Female	SD0179401, SD0179402
SD02280	Podarcis muralis	Male	SD0228001
SD02331	Podarcis filfolensis	Male	SD0233101
SD04528	Lissotriton helveticus	Male	SD0452801
SD00291	Sciurus carolinensis	Male	SD0029101
SD03250	Psittacula echo	Unknown	SD0325001
SD02322	Podarcis filfolensis	Male	SD0232201
SD01026	Podarcis pityusensis	Male	SD0102601
SD02251	Podarcis muralis	Female	SD0225101
SD00647	Podarcis muralis	Male	SD0064701
SD02294	Podarcis filfolensis	Male	SD0229401
SD04357	Podarcis milensis	Male	SD0435701
SD04355	Podarcis milensis	Female	SD0435501
SD00190	Psittacula echo	Unknown	SD0019001
SD00360	Sciurus carolinensis	Female	SD0036001, SD0036002, SD0036003
SD04521	Lissotriton helveticus	Male	SD0452101
SD00401	Sciurus vulgaris	Male	SD0040101, SD0040102
SD04203	Lepus europaeus	Unknown	SD0420301, SD0420302
SD03175	Canis familiaris	Male	SD0317501
SD01764	Sciurus carolinensis	Male	SD0176401, SD0176402
SD02366	Podarcis gaigeae	Male	SD0236601
SD02300	Podarcis filfolensis	Female	SD0230001
SD03855	Calotriton asper	Male	SD0385501
SD00421	Sciurus carolinensis	Male	SD0042101, SD0042102
SD00392	Sciurus vulgaris	Female	SD0039201
SD03171	Canis familiaris	Male	SD0317101
SD03832	Calotriton asper	Male	SD0383201
SD04486	Lissotriton helveticus	Male	SD0448601
SD04497	Lissotriton helveticus	Male	SD0449701
SD02323	Podarcis filfolensis	Female	SD0232301
SD00603	Podarcis muralis	Male	SD0060301
SD03145	Canis familiaris	Male	SD0314501
SD04499	Lissotriton helveticus	Male	SD0449901
SD02391	Podarcis gaigeae	Male	SD0239101
SD00791	Podarcis muralis	Male	SD0079101
SD04492	Lissotriton helveticus	Male	SD0449201
SD00825	Podarcis muralis	Male	SD0082501
SD02386	Podarcis gaigeae	Male	SD0238601
SD04534	Lepus europaeus	Female	SD0453401
SD03136	Canis familiaris	Male	SD0313601
SD03255	Psittacula echo	Unknown	SD0325501
SD00560	Podarcis muralis	Male	SD0056001
SD03176	Canis familiaris	Female	SD0317601
SD02840	Trichosurus vulpecula	Male	SD0284001
SD03797	Podarcis liolepis	Male	SD0379701
SD04334	Podarcis gaigeae	Male	SD0433401
SD02392	Podarcis gaigeae	Male	SD0239201
SD00778	Podarcis muralis	Male	SD0077801
SD03122	Canis familiaris	Male	SD0312201
SD00545	Podarcis muralis	Male	SD0054501
SD02237	Podarcis pityusensis	Male	SD0223701
SD00430	Sciurus vulgaris	Male	SD0043001, SD0043002, SD0043003
SD00327	Sciurus carolinensis	Male	SD0032701
SD03431	Lissotriton helveticus	Male	SD0343101
SD04351	Podarcis milensis	Male	SD0435101
SD02356	Podarcis filfolensis	Female	SD0235601
SD02656	Podarcis muralis	Male	SD0265601
SD03436	Lissotriton helveticus	Male	SD0343601
SD02333	Podarcis filfolensis	Male	SD0233301
SD02313	Podarcis filfolensis	Female	SD0231301
SD01783	Sciurus vulgaris	Female	SD0178301, SD0178302
SD03152	Canis familiaris	Male	SD0315201
SD03830	Calotriton asper	Male	SD0383001
SD04519	Lissotriton helveticus	Male	SD0451901
SD00361	Sciurus carolinensis	Male	SD0036101, SD0036102
SD03258	Psittacula echo	Unknown	SD0325801
SD04312	Podarcis gaigeae	Female	SD0431201
SD02298	Podarcis filfolensis	Male	SD0229801
SD01914	Sciurus vulgaris	Female	SD0191401, SD0191402
SD03441	Lissotriton helveticus	Male	SD0344101
SD04311	Podarcis gaigeae	Male	SD0431101
SD03235	Psittacula echo	Unknown	SD0323501
SD02250	Podarcis muralis	Male	SD0225001
SD04339	Podarcis milensis	Male	SD0433901
SD00356	Sciurus carolinensis	Male	SD0035601, SD0035602, SD0035603
SD00648	Podarcis muralis	Male	SD0064801
SD03840	Calotriton asper	Male	SD0384001
SD04507	Lissotriton helveticus	Male	SD0450701
SD03239	Psittacula echo	Unknown	SD0323901
SD02390	Podarcis gaigeae	Male	SD0239001
SD03143	Canis familiaris	Female	SD0314301
SD03837	Calotriton asper	Male	SD0383701
SD04342	Podarcis milensis	Male	SD0434201
SD03193	Perisoreus infaustus	Unknown	SD0319301, SD0319302
SD04540	Lepus europaeus	Female	SD0454001
SD00187	Psittacula echo	Unknown	SD0018701
SD00867	Podarcis muralis	Male	SD0086701
SD01753	Sciurus vulgaris	Female	SD0175301, SD0175302
SD02368	Podarcis gaigeae	Male	SD0236801
SD03147	Canis familiaris	Male	SD0314701
SD03150	Canis familiaris	Female	SD0315001
SD02275	Podarcis muralis	Female	SD0227501
SD02643	Podarcis muralis	Male	SD0264301
SD04506	Lissotriton helveticus	Male	SD0450601
SD02358	Podarcis gaigeae	Female	SD0235801
SD03793	Podarcis liolepis	Male	SD0379301
SD01039	Podarcis pityusensis	Female	SD0103901
SD03845	Calotriton asper	Male	SD0384501
SD01726	Sciurus vulgaris	Female	SD0172601
SD01052	Podarcis pityusensis	Male	SD0105201
SD03134	Canis familiaris	Male	SD0313401
SD01711	Sciurus vulgaris	Male	SD0171101, SD0171102, SD0171103
SD00178	Psittacula echo	Unknown	SD0017801
SD04522	Lissotriton helveticus	Male	SD0452201
SD03466	Lissotriton helveticus	Male	SD0346601
SD01692	Sciurus vulgaris	Female	SD0169201, SD0169202
SD01791	Sciurus vulgaris	Male	SD0179101
SD04535	Lepus europaeus	Male	SD0453501
SD01778	Sciurus vulgaris	Female	SD0177801, SD0177802, SD0177803
SD03432	Lissotriton helveticus	Male	SD0343201
SD00363	Sciurus carolinensis	Female	SD0036301, SD0036302
SD03168	Canis familiaris	Male	SD0316801
SD00636	Podarcis muralis	Female	SD0063601
SD04317	Podarcis gaigeae	Male	SD0431701
SD04372	Podarcis pityusensis	Female	SD0437201
SD00406	Sciurus vulgaris	Male	SD0040601, SD0040602
SD02307	Podarcis filfolensis	Male	SD0230701
SD00830	Podarcis muralis	Male	SD0083001
SD04309	Podarcis gaigeae	Male	SD0430901
SD04328	Podarcis gaigeae	Female	SD0432801
SD04482	Lissotriton helveticus	Male	SD0448201
SD00298	Sciurus vulgaris	Male	SD0029801, SD0029802, SD0029803, SD0029804
SD00179	Psittacula echo	Unknown	SD0017901
SD04387	Podarcis pityusensis	Male	SD0438701
SD04493	Lissotriton helveticus	Male	SD0449301
SD04530	Lissotriton helveticus	Male	SD0453001
SD00620	Podarcis muralis	Male	SD0062001
SD03841	Calotriton asper	Male	SD0384101
SD00756	Podarcis muralis	Male	SD0075601
SD02340	Podarcis filfolensis	Male	SD0234001
SD01709	Sciurus vulgaris	Female	SD0170901, SD0170902, SD0170903
SD00810	Podarcis muralis	Male	SD0081001
SD02297	Podarcis filfolensis	Female	SD0229701
SD00614	Podarcis muralis	Female	SD0061401
SD00650	Podarcis muralis	Female	SD0065001
SD00438	Sciurus carolinensis	Female	SD0043801, SD0043802
SD02841	Trichosurus vulpecula	Male	SD0284101
SD04208	Lepus europaeus	Unknown	SD0420801, SD0420802
SD03228	Canis familiaris	Male	SD0322801
SD03414	Lissotriton helveticus	Male	SD0341401
SD03103	Canis familiaris	Male	SD0310301
SD03119	Canis familiaris	Female	SD0311901
SD00637	Podarcis muralis	Male	SD0063701
SD02351	Podarcis filfolensis	Male	SD0235101
SD03465	Lissotriton helveticus	Male	SD0346501
SD04500	Lissotriton helveticus	Male	SD0450001
SD03112	Canis familiaris	Male	SD0311201
SD02232	Podarcis pityusensis	Male	SD0223201
SD02272	Podarcis muralis	Female	SD0227201
SD04484	Lissotriton helveticus	Male	SD0448401
SD04533	Lepus europaeus	Female	SD0453301
SD03848	Calotriton asper	Male	SD0384801
SD00441	Sciurus carolinensis	Male	SD0044101, SD0044102, SD0044103
SD02264	Podarcis muralis	Female	SD0226401
SD04345	Podarcis milensis	Female	SD0434501
SD00397	Sciurus carolinensis	Male	SD0039701
SD00320	Sciurus vulgaris	Male	SD0032001
SD00591	Podarcis muralis	Male	SD0059101
SD00862	Podarcis muralis	Male	SD0086201
SD03130	Canis familiaris	Male	SD0313001
SD00512	Podarcis muralis	Male	SD0051201
SD00462	Sciurus vulgaris	Female	SD0046201
SD03172	Canis familiaris	Male	SD0317201
SD03169	Canis familiaris	Unknown	SD0316901
SD02277	Podarcis muralis	Male	SD0227701
SD03792	Podarcis liolepis	Male	SD0379201
SD02292	Podarcis filfolensis	Female	SD0229201
SD04205	Lepus europaeus	Unknown	SD0420501, SD0420502
SD03133	Canis familiaris	Male	SD0313301
SD04514	Lissotriton helveticus	Male	SD0451401
SD00813	Podarcis muralis	Male	SD0081301
SD04310	Podarcis gaigeae	Male	SD0431001
SD03464	Lissotriton helveticus	Male	SD0346401
SD00183	Psittacula echo	Unknown	SD0018301
SD02239	Podarcis pityusensis	Male	SD0223901
SD02265	Podarcis muralis	Female	SD0226501
SD00656	Podarcis muralis	Male	SD0065601
SD04319	Podarcis gaigeae	Male	SD0431901
SD03104	Canis familiaris	Male	SD0310401
SD00314	Sciurus vulgaris	Female	SD0031401
SD03506	Perisoreus infaustus	Female	SD0350601
SD00655	Podarcis muralis	Male	SD0065501
SD04489	Lissotriton helveticus	Male	SD0448901
SD00358	Sciurus carolinensis	Male	SD0035801, SD0035802
SD04523	Lissotriton helveticus	Male	SD0452301
SD02352	Podarcis filfolensis	Male	SD0235201
SD02273	Podarcis muralis	Male	SD0227301
SD03420	Lissotriton helveticus	Male	SD0342001
SD00610	Podarcis muralis	Male	SD0061001
SD01006	Podarcis pityusensis	Female	SD0100601
SD00564	Podarcis muralis	Male	SD0056401
SD02269	Podarcis muralis	Female	SD0226901
SD00403	Sciurus carolinensis	Female	SD0040301, SD0040302
SD03253	Psittacula echo	Unknown	SD0325301
SD03200	Perisoreus infaustus	Unknown	SD0320001, SD0320002
SD01759	Sciurus carolinensis	Female	SD0175901, SD0175902
SD04354	Podarcis milensis	Male	SD0435401
SD01053	Podarcis pityusensis	Male	SD0105301
SD00312	Sciurus vulgaris	Male	SD0031201, SD0031202, SD0031203
SD02491	Natrix astreptophora	Unknown	SD0249101
SD03149	Canis familiaris	Male	SD0314901
SD00177	Psittacula echo	Unknown	SD0017701
SD02316	Podarcis filfolensis	Male	SD0231601
SD03261	Psittacula echo	Female	SD0326101
SD00776	Podarcis muralis	Male	SD0077601
SD04204	Lepus europaeus	Unknown	SD0420401, SD0420402
SD00533	Podarcis muralis	Male	SD0053301
SD00463	Sciurus carolinensis	Female	SD0046301, SD0046302
SD02312	Podarcis filfolensis	Female	SD0231201
SD04382	Podarcis pityusensis	Male	SD0438201
SD03842	Calotriton asper	Male	SD0384201
SD04321	Podarcis gaigeae	Female	SD0432101
SD01725	Sciurus vulgaris	Female	SD0172501
SD00618	Podarcis muralis	Male	SD0061801
SD03831	Calotriton asper	Male	SD0383101
SD00812	Podarcis muralis	Male	SD0081201
SD00554	Podarcis muralis	Male	SD0055401
SD03856	Calotriton asper	Male	SD0385601
SD03170	Canis familiaris	Male	SD0317001
SD00557	Podarcis muralis	Male	SD0055701
SD04501	Lissotriton helveticus	Male	SD0450101
SD02364	Podarcis gaigeae	Female	SD0236401
SD00437	Sciurus vulgaris	Male	SD0043701
SD02324	Podarcis filfolensis	Female	SD0232401
SD03139	Canis familiaris	Male	SD0313901
SD03173	Canis familiaris	Female	SD0317301
SD00563	Podarcis muralis	Male	SD0056301
SD03437	Lissotriton helveticus	Male	SD0343701
SD00426	Sciurus carolinensis	Male	SD0042601, SD0042602, SD0042603
SD03177	Canis familiaris	Male	SD0317701
SD01712	Sciurus vulgaris	Male	SD0171201, SD0171202, SD0171203
SD02229	Podarcis pityusensis	Male	SD0222901
SD03242	Psittacula echo	Unknown	SD0324201
SD00630	Podarcis muralis	Male	SD0063001
SD00396	Sciurus carolinensis	Female	SD0039601, SD0039602
SD00344	Sciurus carolinensis	Female	SD0034401, SD0034402, SD0034403
SD03422	Lissotriton helveticus	Male	SD0342201
SD00558	Podarcis muralis	Male	SD0055801
SD00819	Podarcis muralis	Male	SD0081901
SD00323	Sciurus carolinensis	Male	SD0032301
SD04515	Lissotriton helveticus	Male	SD0451501
SD00391	Sciurus carolinensis	Female	SD0039101, SD0039102, SD0039103
SD00347	Sciurus vulgaris	Male	SD0034701
SD02228	Podarcis pityusensis	Male	SD0222801
SD04336	Podarcis milensis	Male	SD0433601
SD03846	Calotriton asper	Male	SD0384601
SD03440	Lissotriton helveticus	Male	SD0344001
SD04335	Podarcis milensis	Male	SD0433501
SD00508	Podarcis muralis	Male	SD0050801
SD02226	Podarcis pityusensis	Male	SD0222601
SD03131	Canis familiaris	Male	SD0313101
SD00412	Sciurus carolinensis	Male	SD0041201
SD02271	Podarcis muralis	Male	SD0227101
SD00649	Podarcis muralis	Male	SD0064901
SD00366	Sciurus carolinensis	Male	SD0036601, SD0036602
SD00873	Podarcis muralis	Male	SD0087301
SD02375	Podarcis gaigeae	Female	SD0237501
SD03126	Canis familiaris	Male	SD0312601
SD04479	Lissotriton helveticus	Male	SD0447901
SD03847	Calotriton asper	Male	SD0384701
SD00181	Psittacula echo	Female	SD0018101, SD0018102
SD02380	Podarcis gaigeae	Male	SD0238001
SD00866	Podarcis muralis	Male	SD0086601
SD01047	Podarcis pityusensis	Male	SD0104701
SD03705	Geospizopsis unicolor	Unknown	SD0370501
SD04349	Podarcis milensis	Male	SD0434901
SD01048	Podarcis pityusensis	Male	SD0104801
SD03230	Canis familiaris	Female	SD0323001
SD00638	Podarcis muralis	Male	SD0063801
SD02640	Podarcis muralis	Male	SD0264001
SD00590	Podarcis muralis	Male	SD0059001
SD00641	Podarcis muralis	Male	SD0064101
SD04520	Lissotriton helveticus	Male	SD0452001
SD00757	Podarcis muralis	Male	SD0075701
SD03244	Psittacula echo	Unknown	SD0324401
SD02289	Podarcis filfolensis	Male	SD0228901
SD01752	Sciurus vulgaris	Female	SD0175201, SD0175202
SD04313	Podarcis gaigeae	Female	SD0431301
SD00646	Podarcis muralis	Male	SD0064601
SD00394	Sciurus carolinensis	Female	SD0039401, SD0039402
SD03164	Canis familiaris	Male	SD0316401
SD04337	Podarcis milensis	Female	SD0433701
SD00869	Podarcis muralis	Male	SD0086901
SD00642	Podarcis muralis	Male	SD0064201
SD01768	Sciurus vulgaris	Female	SD0176801, SD0176802, SD0176803
SD01051	Podarcis pityusensis	Female	SD0105101
SD04325	Podarcis gaigeae	Male	SD0432501
SD04301	Podarcis gaigeae	Female	SD0430101
SD04356	Podarcis milensis	Male	SD0435601
SD00385	Sciurus vulgaris	Female	SD0038501, SD0038502, SD0038503, SD0038504
SD00460	Sciurus vulgaris	Male	SD0046001, SD0046002
SD00602	Podarcis muralis	Male	SD0060201
SD00382	Sciurus vulgaris	Male	SD0038201, SD0038202
SD01790	Sciurus vulgaris	Male	SD0179001
SD04498	Lissotriton helveticus	Male	SD0449801
SD03838	Calotriton asper	Male	SD0383801
SD02256	Podarcis muralis	Male	SD0225601
SD03435	Lissotriton helveticus	Male	SD0343501
SD03829	Calotriton asper	Male	SD0382901
SD03834	Calotriton asper	Male	SD0383401
SD00559	Podarcis muralis	Male	SD0055901
SD03166	Canis familiaris	Unknown	SD0316601
SD04527	Lissotriton helveticus	Male	SD0452701
SD00310	Sciurus carolinensis	Male	SD0031001, SD0031002
SD00633	Podarcis muralis	Male	SD0063301
SD00588	Podarcis muralis	Male	SD0058801
SD00333	Sciurus vulgaris	Male	SD0033301
SD03836	Calotriton asper	Male	SD0383601
SD03233	Psittacula echo	Unknown	SD0323301
SD00496	Plecotus auritus	Female	SD0049601
SD04524	Lissotriton helveticus	Male	SD0452401
SD02393	Podarcis gaigeae	Male	SD0239301
SD04316	Podarcis gaigeae	Male	SD0431601
SD04541	Lepus europaeus	Female	SD0454101
SD01789	Sciurus vulgaris	Female	SD0178901
SD03635	Chalcides striatus	Unknown	SD0363501
SD00561	Podarcis muralis	Male	SD0056101
SD03850	Calotriton asper	Male	SD0385001
SD03236	Psittacula echo	Unknown	SD0323601
SD00313	Sciurus carolinensis	Male	SD0031301, SD0031302, SD0031303
SD04510	Lissotriton helveticus	Male	SD0451001
SD04358	Podarcis milensis	Female	SD0435801
SD03706	Geospizopsis unicolor	Unknown	SD0370601
SD04504	Lissotriton helveticus	Male	SD0450401
SD02388	Podarcis gaigeae	Male	SD0238801
SD03174	Canis familiaris	Female	SD0317401
SD02245	Podarcis pityusensis	Unknown	SD0224501
SD00342	Sciurus carolinensis	Male	SD0034201, SD0034202, SD0034203
SD04343	Podarcis milensis	Male	SD0434301
SD00550	Podarcis muralis	Male	SD0055001
SD00883	Podarcis muralis	Male	SD0088301
SD03240	Psittacula echo	Unknown	SD0324001
SD02295	Podarcis filfolensis	Female	SD0229501
SD00376	Sciurus carolinensis	Female	SD0037601, SD0037602
SD03555	Natrix astreptophora	Unknown	SD0355501
SD00180	Psittacula echo	Female	SD0018001
SD03105	Canis familiaris	Male	SD0310501
SD00325	Sciurus vulgaris	Male	SD0032501, SD0032502, SD0032503
SD04322	Podarcis gaigeae	Female	SD0432201
SD00443	Sciurus vulgaris	Male	SD0044301
SD01054	Podarcis pityusensis	Male	SD0105401
SD00446	Sciurus vulgaris	Female	SD0044601, SD0044602, SD0044603, SD0044604
SD00451	Sciurus vulgaris	Male	SD0045101
SD00808	Podarcis muralis	Male	SD0080801
SD02636	Podarcis muralis	Male	SD0263601
SD04525	Lissotriton helveticus	Male	SD0452501
SD01804	Sciurus vulgaris	Female	SD0180401
SD04487	Lissotriton helveticus	Male	SD0448701
SD03108	Canis familiaris	Male	SD0310801
SD04512	Lissotriton helveticus	Male	SD0451201
SD01019	Podarcis pityusensis	Female	SD0101901
SD04376	Podarcis pityusensis	Male	SD0437601
SD00373	Sciurus carolinensis	Female	SD0037301, SD0037302
SD00309	Sciurus carolinensis	Female	SD0030901
SD02233	Podarcis pityusensis	Male	SD0223301
SD04348	Podarcis milensis	Male	SD0434801
SD00605	Podarcis muralis	Male	SD0060501
SD02301	Podarcis filfolensis	Male	SD0230101
SD02246	Podarcis pityusensis	Unknown	SD0224601
SD03794	Podarcis liolepis	Male	SD0379401
SD01690	Sciurus vulgaris	Male	SD0169001
SD02397	Podarcis gaigeae	Male	SD0239701
SD03857	Calotriton asper	Male	SD0385701
SD04526	Lissotriton helveticus	Male	SD0452601
SD03789	Podarcis liolepis	Male	SD0378901
SD04305	Podarcis gaigeae	Male	SD0430501
SD01777	Sciurus vulgaris	Female	SD0177701, SD0177702, SD0177703
SD02290	Podarcis filfolensis	Male	SD0229001
SD01786	Sciurus carolinensis	Female	SD0178601
SD03853	Calotriton asper	Male	SD0385301
SD02330	Podarcis filfolensis	Male	SD0233001
SD02318	Podarcis filfolensis	Male	SD0231801
SD04327	Podarcis gaigeae	Male	SD0432701
SD02238	Podarcis pityusensis	Male	SD0223801
SD00860	Podarcis muralis	Male	SD0086001
SD00416	Sciurus vulgaris	Male	SD0041601, SD0041602, SD0041603
SD02263	Podarcis muralis	Female	SD0226301
SD00501	Plecotus auritus	Female	SD0050101
SD03237	Psittacula echo	Unknown	SD0323701
SD04480	Lissotriton helveticus	Male	SD0448001
SD00303	Sciurus vulgaris	Female	SD0030301, SD0030302, SD0030303, SD0030304
SD02371	Podarcis gaigeae	Male	SD0237101
SD03245	Psittacula echo	Unknown	SD0324501
SD02332	Podarcis filfolensis	Female	SD0233201
SD00316	Sciurus carolinensis	Male	SD0031601
SD02321	Podarcis filfolensis	Female	SD0232101
SD00570	Podarcis muralis	Male	SD0057001
SD04518	Lissotriton helveticus	Male	SD0451801
SD00571	Podarcis muralis	Male	SD0057101
SD00779	Podarcis muralis	Male	SD0077901
SD04375	Podarcis pityusensis	Male	SD0437501
SD00526	Podarcis liolepis	Male	SD0052601
SD01723	Sciurus vulgaris	Female	SD0172301
SD01046	Podarcis pityusensis	Male	SD0104601
SD01765	Sciurus vulgaris	Male	SD0176501, SD0176502
SD00887	Podarcis muralis	Male	SD0088701
SD00789	Podarcis muralis	Male	SD0078901
SD00514	Podarcis muralis	Male	SD0051401
SD02389	Podarcis gaigeae	Female	SD0238901
SD00343	Sciurus carolinensis	Female	SD0034301, SD0034302, SD0034303, SD0034304
SD00185	Psittacula echo	Unknown	SD0018501
SD04539	Lepus europaeus	Female	SD0453901
SD00299	Sciurus carolinensis	Male	SD0029901, SD0029902
SD03229	Canis familiaris	Male	SD0322901
SD03260	Psittacula echo	Unknown	SD0326001
SD00828	Podarcis muralis	Male	SD0082801
SD04509	Lissotriton helveticus	Male	SD0450901
SD02244	Podarcis pityusensis	Unknown	SD0224401
SD04516	Lissotriton helveticus	Male	SD0451601
SD00429	Sciurus carolinensis	Male	SD0042901
SD02349	Podarcis filfolensis	Female	SD0234901
SD04201	Lepus europaeus	Unknown	SD0420101, SD0420102
SD00329	Sciurus carolinensis	Female	SD0032901
SD04531	Lepus europaeus	Male	SD0453101
SD03146	Canis familiaris	Unknown	SD0314601
SD00749	Podarcis muralis	Male	SD0074901
SD02306	Podarcis filfolensis	Male	SD0230601
SD04488	Lissotriton helveticus	Male	SD0448801
SD03259	Psittacula echo	Unknown	SD0325901
SD02329	Podarcis filfolensis	Female	SD0232901
SD02635	Podarcis muralis	Male	SD0263501
SD00440	Sciurus carolinensis	Male	SD0044001, SD0044002, SD0044003, SD0044004
SD02317	Podarcis filfolensis	Male	SD0231701
SD02283	Podarcis muralis	Male	SD0228301
SD00538	Podarcis muralis	Male	SD0053801
SD00879	Podarcis muralis	Male	SD0087901
SD00352	Sciurus vulgaris	Female	SD0035201
SD01724	Sciurus vulgaris	Male	SD0172401, SD0172402
SD03107	Canis familiaris	Male	SD0310701
SD04211	Lepus europaeus	Unknown	SD0421101, SD0421102
SD00643	Podarcis muralis	Male	SD0064301
SD00788	Podarcis muralis	Male	SD0078801
SD00186	Psittacula echo	Unknown	SD0018601
SD04483	Lissotriton helveticus	Male	SD0448301
SD02387	Podarcis gaigeae	Male	SD0238701
SD00831	Podarcis muralis	Male	SD0083101
SD00331	Sciurus vulgaris	Female	SD0033101
SD00567	Podarcis muralis	Male	SD0056701
SD04206	Lepus europaeus	Unknown	SD0420601, SD0420602
SD02279	Podarcis muralis	Male	SD0227901
SD03467	Lissotriton helveticus	Male	SD0346701
SD00398	Sciurus carolinensis	Female	SD0039801, SD0039802, SD0039803
SD03251	Psittacula echo	Unknown	SD0325101
SD01704	Sciurus vulgaris	Male	SD0170401, SD0170402
SD04542	Lepus europaeus	Female	SD0454201
SD04505	Lissotriton helveticus	Male	SD0450501
SD03796	Podarcis liolepis	Male	SD0379601
SD02255	Podarcis muralis	Male	SD0225501
SD00420	Sciurus carolinensis	Female	SD0042001, SD0042002, SD0042003
SD03858	Calotriton asper	Male	SD0385801
SD04371	Podarcis pityusensis	Male	SD0437101
SD04495	Lissotriton helveticus	Male	SD0449501
SD03854	Calotriton asper	Male	SD0385401
SD01708	Sciurus vulgaris	Female	SD0170801, SD0170802, SD0170803
SD01779	Sciurus vulgaris	Female	SD0177901, SD0177902, SD0177903
SD00758	Podarcis muralis	Male	SD0075801
SD03123	Canis familiaris	Male	SD0312301
SD00881	Podarcis muralis	Male	SD0088101
SD00175	Psittacula echo	Unknown	SD0017501
SD04385	Podarcis pityusensis	Male	SD0438501
SD02302	Podarcis filfolensis	Female	SD0230201
SD00395	Sciurus carolinensis	Female	SD0039501
SD00287	Sciurus carolinensis	Female	SD0028701
SD02641	Podarcis muralis	Male	SD0264101
SD00174	Psittacula echo	Unknown	SD0017401
SD04304	Podarcis gaigeae	Male	SD0430401
SD04314	Podarcis gaigeae	Female	SD0431401
SD02319	Podarcis filfolensis	Female	SD0231901
SD04481	Lissotriton helveticus	Male	SD0448101
SD00311	Sciurus vulgaris	Male	SD0031101, SD0031102, SD0031103
SD00532	Podarcis muralis	Male	SD0053201
SD03262	Psittacula echo	Unknown	SD0326201
SD04536	Lepus europaeus	Male	SD0453601
SD00619	Podarcis muralis	Male	SD0061901
SD03129	Canis familiaris	Male	SD0312901
SD00870	Podarcis muralis	Male	SD0087001
SD01695	Sciurus vulgaris	Female	SD0169501, SD0169502, SD0169503
SD04503	Lissotriton helveticus	Male	SD0450301
SD04202	Lepus europaeus	Unknown	SD0420201, SD0420202
SD03790	Podarcis liolepis	Male	SD0379001
SD02381	Podarcis gaigeae	Female	SD0238101
SD02266	Podarcis muralis	Female	SD0226601
SD01055	Podarcis pityusensis	Female	SD0105501
SD04299	Podarcis gaigeae	Male	SD0429901
SD03795	Podarcis liolepis	Male	SD0379501
SD02374	Podarcis gaigeae	Female	SD0237401
SD00317	Sciurus carolinensis	Female	SD0031701, SD0031702, SD0031703
SD02378	Podarcis gaigeae	Male	SD0237801
SD03843	Calotriton asper	Male	SD0384301
SD03454	Lissotriton helveticus	Male	SD0345401
SD04383	Podarcis pityusensis	Male	SD0438301
SD00448	Sciurus carolinensis	Male	SD0044801, SD0044802, SD0044803
SD00613	Podarcis muralis	Male	SD0061301
SD00543	Podarcis muralis	Male	SD0054301
SD03423	Lissotriton helveticus	Male	SD0342301
SD03468	Lissotriton helveticus	Male	SD0346801
SD04212	Lepus europaeus	Unknown	SD0421201, SD0421202
SD00468	Sciurus vulgaris	Female	SD0046801
SD01483	Salamandra atra	Male	SD0148301
SD03798	Podarcis liolepis	Male	SD0379801
SD02231	Podarcis pityusensis	Male	SD0223101
SD02370	Podarcis gaigeae	Female	SD0237001
SD02299	Podarcis filfolensis	Male	SD0229901
SD00616	Podarcis muralis	Male	SD0061601
SD04326	Podarcis gaigeae	Male	SD0432601
SD00522	Podarcis liolepis	Male	SD0052201
SD00762	Podarcis muralis	Male	SD0076201
SD01703	Sciurus vulgaris	Male	SD0170301, SD0170302, SD0170303
SD03799	Podarcis muralis	Male	SD0379901
SD03106	Canis familiaris	Male	SD0310601
SD04494	Lissotriton helveticus	Male	SD0449401
SD03430	Lissotriton helveticus	Male	SD0343001
SD03800	Podarcis muralis	Male	SD0380001
SD04302	Podarcis gaigeae	Female	SD0430201
SD02369	Podarcis gaigeae	Male	SD0236901
SD03116	Canis familiaris	Male	SD0311601
SD03111	Canis familiaris	Male	SD0311101
SD00458	Sciurus carolinensis	Male	SD0045801, SD0045802, SD0045803
SD03682	Zonotrichia capensis	Unknown	SD0368201
SD00359	Sciurus carolinensis	Female	SD0035901, SD0035902, SD0035903, SD0035904
SD04384	Podarcis pityusensis	Male	SD0438401
SD00341	Sciurus carolinensis	Female	SD0034101, SD0034102, SD0034103
SD04543	Lepus europaeus	Female	SD0454301
SD02350	Podarcis filfolensis	Male	SD0235001
SD03249	Psittacula echo	Unknown	SD0324901
SD04378	Podarcis pityusensis	Male	SD0437801
SD01484	Salamandra atra	Male	SD0148401
SD00592	Podarcis muralis	Male	SD0059201
SD01776	Sciurus vulgaris	Female	SD0177601, SD0177602, SD0177603
SD00510	Podarcis liolepis	Male	SD0051001
SD04315	Podarcis gaigeae	Female	SD0431501
SD03469	Lissotriton helveticus	Male	SD0346901
SD02662	Podarcis muralis	Male	SD0266201
SD02376	Podarcis gaigeae	Female	SD0237601
SD03243	Psittacula echo	Unknown	SD0324301
SD00340	Sciurus carolinensis	Female	SD0034001, SD0034002, SD0034003
SD00775	Podarcis muralis	Male	SD0077501
SD00402	Sciurus vulgaris	Female	SD0040201, SD0040202, SD0040203
SD00409	Sciurus vulgaris	Female	SD0040901, SD0040902
SD00763	Podarcis muralis	Male	SD0076301
SD03232	Psittacula echo	Unknown	SD0323201
SD04347	Podarcis milensis	Female	SD0434701
SD03833	Calotriton asper	Male	SD0383301
SD04379	Podarcis pityusensis	Male	SD0437901
SD02367	Podarcis gaigeae	Male	SD0236701
SD02379	Podarcis gaigeae	Male	SD0237901
SD03153	Canis familiaris	Male	SD0315301
SD04359	Podarcis milensis	Female	SD0435901
SD01007	Podarcis pityusensis	Male	SD0100701
SD03442	Lissotriton helveticus	Male	SD0344201
SD03121	Canis familiaris	Female	SD0312101
SD00632	Podarcis muralis	Male	SD0063201
SD04331	Podarcis gaigeae	Female	SD0433101
SD00535	Podarcis muralis	Male	SD0053501
SD03241	Psittacula echo	Female	SD0324101
SD01691	Sciurus vulgaris	Male	SD0169101, SD0169102, SD0169103
SD00801	Podarcis muralis	Male	SD0080101
SD00345	Sciurus vulgaris	Female	SD0034501
SD00380	Sciurus carolinensis	Male	SD0038001, SD0038002
SD00330	Sciurus carolinensis	Male	SD0033001
SD04388	Podarcis pityusensis	Male	SD0438801
SD03835	Calotriton asper	Male	SD0383501
SD04303	Podarcis gaigeae	Female	SD0430301
SD03851	Calotriton asper	Male	SD0385101
SD03102	Canis familiaris	Male	SD0310201
SD02293	Podarcis filfolensis	Female	SD0229301
SD04344	Podarcis milensis	Female	SD0434401
SD00456	Sciurus vulgaris	Male	SD0045601, SD0045602, SD0045603
SD02308	Podarcis filfolensis	Male	SD0230801
SD03256	Psittacula echo	Unknown	SD0325601
SD00296	Sciurus carolinensis	Male	SD0029601, SD0029602
SD02363	Podarcis gaigeae	Female	SD0236301
SD02650	Podarcis muralis	Male	SD0265001
SD01915	Sciurus carolinensis	Female	SD0191501, SD0191502
SD00348	Sciurus vulgaris	Male	SD0034801
SD00188	Psittacula echo	Female	SD0018801
SD04478	Lissotriton helveticus	Male	SD0447801
SD00817	Podarcis muralis	Male	SD0081701
SD01681	Sciurus carolinensis	Male	SD0168101, SD0168102
SD03421	Lissotriton helveticus	Male	SD0342101
SD00790	Podarcis muralis	Male	SD0079001
SD00432	Sciurus vulgaris	Male	SD0043201, SD0043202
SD03463	Lissotriton helveticus	Male	SD0346301
SD00453	Sciurus vulgaris	Female	SD0045301, SD0045302, SD0045303
SD04330	Podarcis gaigeae	Female	SD0433001
SD00859	Podarcis muralis	Male	SD0085901
SD03120	Canis familiaris	Male	SD0312001
SD03453	Lissotriton helveticus	Male	SD0345301
SD03433	Lissotriton helveticus	Male	SD0343301
SD02249	Podarcis muralis	Female	SD0224901
SD04538	Lepus europaeus	Female	SD0453801
SD04209	Lepus europaeus	Unknown	SD0420901, SD0420902
SD03246	Psittacula echo	Unknown	SD0324601
SD04511	Lissotriton helveticus	Male	SD0451101
SD04346	Podarcis milensis	Female	SD0434601
SD03849	Calotriton asper	Female	SD0384901
SD00546	Podarcis muralis	Male	SD0054601
SD02311	Podarcis filfolensis	Male	SD0231101
SD03160	Canis familiaris	Female	SD0316001
SD00428	Sciurus carolinensis	Male	SD0042801, SD0042802
SD01810	Sciurus vulgaris	Male	SD0181001, SD0181002
SD03455	Lissotriton helveticus	Male	SD0345501
SD01008	Podarcis pityusensis	Male	SD0100801
SD02645	Podarcis muralis	Female	SD0264501
SD00176	Psittacula echo	Unknown	SD0017601
SD04381	Podarcis pityusensis	Male	SD0438101
SD04537	Lepus europaeus	Female	SD0453701
SD00573	Podarcis muralis	Male	SD0057301
SD04485	Lissotriton helveticus	Male	SD0448501
SD00595	Podarcis muralis	Male	SD0059501
SD04502	Lissotriton helveticus	Male	SD0450201
SD00184	Psittacula echo	Unknown	SD0018401
SD00611	Podarcis muralis	Male	SD0061101
SD02384	Podarcis gaigeae	Female	SD0238401
SD00290	Sciurus carolinensis	Male	SD0029001
SD00607	Podarcis muralis	Male	SD0060701
SD04532	Lepus europaeus	Female	SD0453201
SD02315	Podarcis filfolensis	Female	SD0231501
SD00822	Podarcis muralis	Male	SD0082201
SD01041	Podarcis pityusensis	Female	SD0104101
SD00519	Podarcis muralis	Male	SD0051901
SD00318	Sciurus vulgaris	Male	SD0031801
SD02278	Podarcis muralis	Female	SD0227801
SD03234	Psittacula echo	Unknown	SD0323401
SD03178	Canis familiaris	Male	SD0317801
SD04210	Lepus europaeus	Unknown	SD0421001, SD0421002
SD00445	Sciurus vulgaris	Male	SD0044501
SD04329	Podarcis gaigeae	Male	SD0432901
SD02637	Podarcis muralis	Female	SD0263701
SD03456	Lissotriton helveticus	Male	SD0345601
SD03248	Psittacula echo	Unknown	SD0324801
SD04332	Podarcis gaigeae	Male	SD0433201
SD03681	Zonotrichia capensis	Unknown	SD0368101
SD02274	Podarcis muralis	Female	SD0227401
SD03416	Lissotriton helveticus	Male	SD0341601
SD01722	Sciurus vulgaris	Female	SD0172201, SD0172202, SD0172203
SD01009	Podarcis pityusensis	Female	SD0100901
